helidon-mp, Compile time, 8.99
helidon-mp, Compile time, 8.95
helidon-mp, Compile time, 8.54
helidon-mp, Compile time, 9.04
helidon-mp, Compile time, 8.92
helidon-mp, Compile time, 8.76
helidon-mp, Compile time, 8.86
helidon-mp, Compile time, 8.84
helidon-mp, Compile time, 8.69
helidon-mp, Compile time, 8.77
helidon-mp, Compile time, 9.13
helidon-mp, Compile time, 9.00
helidon-mp, Compile time, 8.97
helidon-mp, Compile time, 9.07
helidon-mp, Compile time, 9.03
helidon-mp, Compile time, 8.96
helidon-mp, Compile time, 9.01
helidon-mp, Compile time, 8.83
helidon-mp, Compile time, 8.94
helidon-mp, Compile time, 8.94
helidon-mp, Compile time, 8.69
helidon-mp, Compile time, 8.88
helidon-mp, Compile time, 8.62
helidon-mp, Compile time, 8.73
helidon-mp, Compile time, 8.94
helidon-mp, Compile time, 9.05
helidon-mp, Compile time, 8.81
helidon-mp, Compile time, 8.55
helidon-mp, Compile time, 9.03
helidon-mp, Compile time, 8.66
helidon-mp, Startup time, 8.38
helidon-mp, Memory Usage (Startup), 394
helidon-mp, Startup time, 8.49
helidon-mp, Memory Usage (Startup), 392.9
helidon-mp, Startup time, 8.48
helidon-mp, Memory Usage (Startup), 408.9
helidon-mp, Startup time, 8.15
helidon-mp, Memory Usage (Startup), 468.7
helidon-mp, Startup time, 8.50
helidon-mp, Memory Usage (Startup), 489.5
helidon-mp, Startup time, 7.88
helidon-mp, Memory Usage (Startup), 369
helidon-mp, Startup time, 8.01
helidon-mp, Memory Usage (Startup), 394.3
helidon-mp, Startup time, 8.19
helidon-mp, Memory Usage (Startup), 477.9
helidon-mp, Startup time, 8.15
helidon-mp, Memory Usage (Startup), 397.6
helidon-mp, Startup time, 8.32
helidon-mp, Memory Usage (Startup), 404.2
helidon-mp, Startup time, 8.09
helidon-mp, Memory Usage (Startup), 470.6
helidon-mp, Startup time, 8.20
helidon-mp, Memory Usage (Startup), 385.8
helidon-mp, Startup time, 8.13
helidon-mp, Memory Usage (Startup), 390.4
helidon-mp, Startup time, 8.41
helidon-mp, Memory Usage (Startup), 422.2
helidon-mp, Startup time, 8.44
helidon-mp, Memory Usage (Startup), 410.4
helidon-mp, Startup time, 8.51
helidon-mp, Memory Usage (Startup), 471.3
helidon-mp, Startup time, 8.11
helidon-mp, Memory Usage (Startup), 394.8
helidon-mp, Startup time, 8.07
helidon-mp, Memory Usage (Startup), 385.6
helidon-mp, Startup time, 8.10
helidon-mp, Memory Usage (Startup), 394
helidon-mp, Startup time, 8.25
helidon-mp, Memory Usage (Startup), 367.1
helidon-mp, Startup time, 8.59
helidon-mp, Memory Usage (Startup), 475.6
helidon-mp, Startup time, 8.23
helidon-mp, Memory Usage (Startup), 389.7
helidon-mp, Startup time, 8.45
helidon-mp, Memory Usage (Startup), 407.2
helidon-mp, Startup time, 8.15
helidon-mp, Memory Usage (Startup), 397.2
helidon-mp, Startup time, 8.36
helidon-mp, Memory Usage (Startup), 386.5
helidon-mp, Startup time, 8.42
helidon-mp, Memory Usage (Startup), 366.1
helidon-mp, Startup time, 8.23
helidon-mp, Memory Usage (Startup), 487.2
helidon-mp, Startup time, 8.30
helidon-mp, Memory Usage (Startup), 407.9
helidon-mp, Startup time, 8.02
helidon-mp, Memory Usage (Startup), 425
helidon-mp, Startup time, 8.42
helidon-mp, Memory Usage (Startup), 375.5
helidon-mp, Memory Usage (Load), 1.084
helidon-mp, Load Time, 21.12
helidon-mp, Memory Usage (Load), 1.102
helidon-mp, Load Time, 21.00
helidon-mp, Memory Usage (Load), 1.188
helidon-mp, Load Time, 21.32
helidon-mp, Memory Usage (Load), 1.223
helidon-mp, Load Time, 23.66
helidon-mp, Memory Usage (Load), 1.229
helidon-mp, Load Time, 23.65
helidon-mp, Memory Usage (Load), 1.167
helidon-mp, Load Time, 23.14
helidon-mp, Memory Usage (Load), 1.268
helidon-mp, Load Time, 23.10
helidon-mp, Memory Usage (Load), 1.088
helidon-mp, Load Time, 22.06
helidon-mp, Memory Usage (Load), 1.081
helidon-mp, Load Time, 22.72
helidon-mp, Memory Usage (Load), 1.11
helidon-mp, Load Time, 23.84
helidon-mp, Memory Usage (Load), 1.233
helidon-mp, Load Time, 22.86
helidon-mp, Memory Usage (Load), 1.089
helidon-mp, Load Time, 23.47
helidon-mp, Memory Usage (Load), 1.163
helidon-mp, Load Time, 21.64
helidon-mp, Memory Usage (Load), 1.227
helidon-mp, Load Time, 22.94
helidon-mp, Memory Usage (Load), 1.12
helidon-mp, Load Time, 22.51
helidon-mp, Memory Usage (Load), 1.095
helidon-mp, Load Time, 22.91
helidon-mp, Memory Usage (Load), 1.214
helidon-mp, Load Time, 22.73
helidon-mp, Memory Usage (Load), 1.194
helidon-mp, Load Time, 22.85
helidon-mp, Memory Usage (Load), 1.106
helidon-mp, Load Time, 22.57
helidon-mp, Memory Usage (Load), 1.17
helidon-mp, Load Time, 22.96
helidon-mp, Memory Usage (Load), 1.118
helidon-mp, Load Time, 23.69
helidon-mp, Memory Usage (Load), 1.16
helidon-mp, Load Time, 23.21
helidon-mp, Memory Usage (Load), 1.158
helidon-mp, Load Time, 22.70
helidon-mp, Memory Usage (Load), 1.241
helidon-mp, Load Time, 23.14
helidon-mp, Memory Usage (Load), 1.127
helidon-mp, Load Time, 23.39
helidon-mp, Memory Usage (Load), 1.19
helidon-mp, Load Time, 23.09
helidon-mp, Memory Usage (Load), 1.186
helidon-mp, Load Time, 24.12
helidon-mp, Memory Usage (Load), 1.29
helidon-mp, Load Time, 22.65
helidon-mp, Memory Usage (Load), 1.1
helidon-mp, Load Time, 23.44
helidon-mp, Memory Usage (Load), 1.17
helidon-mp, Load Time, 23.49
spring, Compile time, 7.97
spring, Compile time, 7.75
spring, Compile time, 7.76
spring, Compile time, 7.81
spring, Compile time, 7.75
spring, Compile time, 7.75
spring, Compile time, 7.58
spring, Compile time, 7.60
spring, Compile time, 7.83
spring, Compile time, 7.82
spring, Compile time, 7.70
spring, Compile time, 7.77
spring, Compile time, 7.90
spring, Compile time, 7.68
spring, Compile time, 7.84
spring, Compile time, 7.72
spring, Compile time, 7.73
spring, Compile time, 7.52
spring, Compile time, 7.73
spring, Compile time, 7.74
spring, Compile time, 7.76
spring, Compile time, 7.81
spring, Compile time, 7.92
spring, Compile time, 7.71
spring, Compile time, 7.72
spring, Compile time, 7.80
spring, Compile time, 7.76
spring, Compile time, 7.73
spring, Compile time, 7.82
spring, Compile time, 7.67
spring, Startup time, 8.14
spring, Memory Usage (Startup), 440
spring, Startup time, 8.44
spring, Memory Usage (Startup), 435.6
spring, Startup time, 8.19
spring, Memory Usage (Startup), 398.1
spring, Startup time, 7.85
spring, Memory Usage (Startup), 441.3
spring, Startup time, 8.14
spring, Memory Usage (Startup), 444
spring, Startup time, 8.17
spring, Memory Usage (Startup), 409.6
spring, Startup time, 8.13
spring, Memory Usage (Startup), 412.7
spring, Startup time, 7.88
spring, Memory Usage (Startup), 406.9
spring, Startup time, 8.09
spring, Memory Usage (Startup), 423.6
spring, Startup time, 8.14
spring, Memory Usage (Startup), 451.4
spring, Startup time, 8.20
spring, Memory Usage (Startup), 438.7
spring, Startup time, 8.16
spring, Memory Usage (Startup), 430.3
spring, Startup time, 8.13
spring, Memory Usage (Startup), 401.8
spring, Startup time, 8.51
spring, Memory Usage (Startup), 408.3
spring, Startup time, 8.18
spring, Memory Usage (Startup), 417
spring, Startup time, 8.08
spring, Memory Usage (Startup), 408.9
spring, Startup time, 7.86
spring, Memory Usage (Startup), 403.4
spring, Startup time, 8.14
spring, Memory Usage (Startup), 411.7
spring, Startup time, 8.16
spring, Memory Usage (Startup), 425.2
spring, Startup time, 8.23
spring, Memory Usage (Startup), 419.7
spring, Startup time, 8.20
spring, Memory Usage (Startup), 409.9
spring, Startup time, 8.08
spring, Memory Usage (Startup), 413.7
spring, Startup time, 8.40
spring, Memory Usage (Startup), 406.2
spring, Startup time, 8.23
spring, Memory Usage (Startup), 436.7
spring, Startup time, 8.18
spring, Memory Usage (Startup), 412.8
spring, Startup time, 8.18
spring, Memory Usage (Startup), 415.2
spring, Startup time, 8.05
spring, Memory Usage (Startup), 415.4
spring, Startup time, 8.18
spring, Memory Usage (Startup), 436.5
spring, Startup time, 8.09
spring, Memory Usage (Startup), 421.3
spring, Startup time, 8.50
spring, Memory Usage (Startup), 429.1
spring, Memory Usage (Load), 532.9
spring, Load Time, 18.02
spring, Memory Usage (Load), 570.1
spring, Load Time, 18.27
spring, Memory Usage (Load), 647.9
spring, Load Time, 18.46
spring, Memory Usage (Load), 605.6
spring, Load Time, 20.29
spring, Memory Usage (Load), 583
spring, Load Time, 19.59
spring, Memory Usage (Load), 579.4
spring, Load Time, 19.23
spring, Memory Usage (Load), 561.6
spring, Load Time, 18.53
spring, Memory Usage (Load), 562.2
spring, Load Time, 18.80
spring, Memory Usage (Load), 659.1
spring, Load Time, 14.81
spring, Memory Usage (Load), 591.6
spring, Load Time, 20.73
spring, Memory Usage (Load), 567.9
spring, Load Time, 18.96
spring, Memory Usage (Load), 565.3
spring, Load Time, 19.55
spring, Memory Usage (Load), 578.8
spring, Load Time, 14.90
spring, Memory Usage (Load), 537.4
spring, Load Time, 17.69
spring, Memory Usage (Load), 573.4
spring, Load Time, 18.70
spring, Memory Usage (Load), 582.2
spring, Load Time, 18.53
spring, Memory Usage (Load), 580.2
spring, Load Time, 18.56
spring, Memory Usage (Load), 566.2
spring, Load Time, 18.85
spring, Memory Usage (Load), 571.9
spring, Load Time, 20.04
spring, Memory Usage (Load), 554.5
spring, Load Time, 18.04
spring, Memory Usage (Load), 595.3
spring, Load Time, 19.01
spring, Memory Usage (Load), 628.8
spring, Load Time, 19.26
spring, Memory Usage (Load), 559.3
spring, Load Time, 18.47
spring, Memory Usage (Load), 596.9
spring, Load Time, 14.60
spring, Memory Usage (Load), 569.5
spring, Load Time, 18.40
spring, Memory Usage (Load), 573
spring, Load Time, 20.03
spring, Memory Usage (Load), 603.5
spring, Load Time, 19.37
spring, Memory Usage (Load), 564.3
spring, Load Time, 18.36
spring, Memory Usage (Load), 618.1
spring, Load Time, 19.97
spring, Memory Usage (Load), 561.5
spring, Load Time, 20.78
spring-jdbc, Compile time, 7.14
spring-jdbc, Compile time, 7.01
spring-jdbc, Compile time, 6.98
spring-jdbc, Compile time, 7.02
spring-jdbc, Compile time, 6.87
spring-jdbc, Compile time, 6.91
spring-jdbc, Compile time, 6.89
spring-jdbc, Compile time, 6.76
spring-jdbc, Compile time, 7.13
spring-jdbc, Compile time, 6.99
spring-jdbc, Compile time, 7.06
spring-jdbc, Compile time, 7.14
spring-jdbc, Compile time, 6.96
spring-jdbc, Compile time, 7.00
spring-jdbc, Compile time, 6.98
spring-jdbc, Compile time, 7.01
spring-jdbc, Compile time, 6.87
spring-jdbc, Compile time, 6.93
spring-jdbc, Compile time, 6.82
spring-jdbc, Compile time, 7.04
spring-jdbc, Compile time, 6.96
spring-jdbc, Compile time, 7.09
spring-jdbc, Compile time, 7.04
spring-jdbc, Compile time, 6.88
spring-jdbc, Compile time, 6.86
spring-jdbc, Compile time, 6.99
spring-jdbc, Compile time, 7.12
spring-jdbc, Compile time, 6.96
spring-jdbc, Compile time, 6.98
spring-jdbc, Compile time, 6.94
spring-jdbc, Startup time, 5.95
spring-jdbc, Memory Usage (Startup), 253.4
spring-jdbc, Startup time, 5.61
spring-jdbc, Memory Usage (Startup), 272.3
spring-jdbc, Startup time, 5.97
spring-jdbc, Memory Usage (Startup), 263.3
spring-jdbc, Startup time, 5.97
spring-jdbc, Memory Usage (Startup), 270.2
spring-jdbc, Startup time, 5.94
spring-jdbc, Memory Usage (Startup), 258
spring-jdbc, Startup time, 5.71
spring-jdbc, Memory Usage (Startup), 257.7
spring-jdbc, Startup time, 5.99
spring-jdbc, Memory Usage (Startup), 261.1
spring-jdbc, Startup time, 5.62
spring-jdbc, Memory Usage (Startup), 260.5
spring-jdbc, Startup time, 5.72
spring-jdbc, Memory Usage (Startup), 265.3
spring-jdbc, Startup time, 5.89
spring-jdbc, Memory Usage (Startup), 267.9
spring-jdbc, Startup time, 6.01
spring-jdbc, Memory Usage (Startup), 246.3
spring-jdbc, Startup time, 5.61
spring-jdbc, Memory Usage (Startup), 268.1
spring-jdbc, Startup time, 5.70
spring-jdbc, Memory Usage (Startup), 249.4
spring-jdbc, Startup time, 5.97
spring-jdbc, Memory Usage (Startup), 255.6
spring-jdbc, Startup time, 5.77
spring-jdbc, Memory Usage (Startup), 283.8
spring-jdbc, Startup time, 5.63
spring-jdbc, Memory Usage (Startup), 271
spring-jdbc, Startup time, 5.64
spring-jdbc, Memory Usage (Startup), 254.9
spring-jdbc, Startup time, 5.62
spring-jdbc, Memory Usage (Startup), 258.7
spring-jdbc, Startup time, 5.67
spring-jdbc, Memory Usage (Startup), 257.2
spring-jdbc, Startup time, 5.74
spring-jdbc, Memory Usage (Startup), 264.5
spring-jdbc, Startup time, 5.96
spring-jdbc, Memory Usage (Startup), 254.8
spring-jdbc, Startup time, 5.66
spring-jdbc, Memory Usage (Startup), 265.1
spring-jdbc, Startup time, 5.66
spring-jdbc, Memory Usage (Startup), 267
spring-jdbc, Startup time, 5.94
spring-jdbc, Memory Usage (Startup), 274.5
spring-jdbc, Startup time, 5.70
spring-jdbc, Memory Usage (Startup), 278
spring-jdbc, Startup time, 5.74
spring-jdbc, Memory Usage (Startup), 263.9
spring-jdbc, Startup time, 6.01
spring-jdbc, Memory Usage (Startup), 260.6
spring-jdbc, Startup time, 5.92
spring-jdbc, Memory Usage (Startup), 249.2
spring-jdbc, Startup time, 5.95
spring-jdbc, Memory Usage (Startup), 258.2
spring-jdbc, Startup time, 5.70
spring-jdbc, Memory Usage (Startup), 246.5
spring-jdbc, Memory Usage (Load), 483.3
spring-jdbc, Load Time, 11.75
spring-jdbc, Memory Usage (Load), 448.3
spring-jdbc, Load Time, 12.08
spring-jdbc, Memory Usage (Load), 484.1
spring-jdbc, Load Time, 11.18
spring-jdbc, Memory Usage (Load), 497.1
spring-jdbc, Load Time, 11.95
spring-jdbc, Memory Usage (Load), 499
spring-jdbc, Load Time, 11.04
spring-jdbc, Memory Usage (Load), 482.2
spring-jdbc, Load Time, 12.46
spring-jdbc, Memory Usage (Load), 491.7
spring-jdbc, Load Time, 12.11
spring-jdbc, Memory Usage (Load), 498.8
spring-jdbc, Load Time, 10.26
spring-jdbc, Memory Usage (Load), 484.8
spring-jdbc, Load Time, 11.47
spring-jdbc, Memory Usage (Load), 527.5
spring-jdbc, Load Time, 11.35
spring-jdbc, Memory Usage (Load), 478.2
spring-jdbc, Load Time, 11.68
spring-jdbc, Memory Usage (Load), 504.8
spring-jdbc, Load Time, 11.59
spring-jdbc, Memory Usage (Load), 500.5
spring-jdbc, Load Time, 12.41
spring-jdbc, Memory Usage (Load), 466.5
spring-jdbc, Load Time, 11.59
spring-jdbc, Memory Usage (Load), 478.3
spring-jdbc, Load Time, 11.70
spring-jdbc, Memory Usage (Load), 488.1
spring-jdbc, Load Time, 11.29
spring-jdbc, Memory Usage (Load), 479.9
spring-jdbc, Load Time, 12.17
spring-jdbc, Memory Usage (Load), 498.2
spring-jdbc, Load Time, 10.63
spring-jdbc, Memory Usage (Load), 493.8
spring-jdbc, Load Time, 11.72
spring-jdbc, Memory Usage (Load), 475.8
spring-jdbc, Load Time, 10.99
spring-jdbc, Memory Usage (Load), 482.6
spring-jdbc, Load Time, 11.64
spring-jdbc, Memory Usage (Load), 470.8
spring-jdbc, Load Time, 12.72
spring-jdbc, Memory Usage (Load), 484.7
spring-jdbc, Load Time, 10.94
spring-jdbc, Memory Usage (Load), 503.7
spring-jdbc, Load Time, 12.14
spring-jdbc, Memory Usage (Load), 478.2
spring-jdbc, Load Time, 11.91
spring-jdbc, Memory Usage (Load), 461.4
spring-jdbc, Load Time, 12.95
spring-jdbc, Memory Usage (Load), 495.1
spring-jdbc, Load Time, 12.12
spring-jdbc, Memory Usage (Load), 482.1
spring-jdbc, Load Time, 11.49
spring-jdbc, Memory Usage (Load), 477.6
spring-jdbc, Load Time, 11.69
spring-jdbc, Memory Usage (Load), 446
spring-jdbc, Load Time, 13.08
quarkus, Compile time, 18.46
quarkus, Compile time, 10.17
quarkus, Compile time, 10.28
quarkus, Compile time, 10.64
quarkus, Compile time, 10.29
quarkus, Compile time, 10.27
quarkus, Compile time, 10.52
quarkus, Compile time, 10.34
quarkus, Compile time, 10.59
quarkus, Compile time, 10.15
quarkus, Compile time, 10.53
quarkus, Compile time, 10.18
quarkus, Compile time, 10.20
quarkus, Compile time, 10.27
quarkus, Compile time, 10.44
quarkus, Compile time, 10.55
quarkus, Compile time, 10.52
quarkus, Compile time, 10.66
quarkus, Compile time, 10.62
quarkus, Compile time, 10.34
quarkus, Compile time, 10.60
quarkus, Compile time, 10.52
quarkus, Compile time, 10.86
quarkus, Compile time, 10.59
quarkus, Compile time, 10.31
quarkus, Compile time, 10.52
quarkus, Compile time, 10.69
quarkus, Compile time, 10.51
quarkus, Compile time, 10.43
quarkus, Compile time, 10.62
quarkus, Startup time, 5.69
quarkus, Memory Usage (Startup), 200.5
quarkus, Startup time, 5.70
quarkus, Memory Usage (Startup), 195.1
quarkus, Startup time, 5.41
quarkus, Memory Usage (Startup), 195.6
quarkus, Startup time, 5.41
quarkus, Memory Usage (Startup), 211.3
quarkus, Startup time, 5.40
quarkus, Memory Usage (Startup), 195.4
quarkus, Startup time, 5.68
quarkus, Memory Usage (Startup), 196.8
quarkus, Startup time, 5.70
quarkus, Memory Usage (Startup), 193.1
quarkus, Startup time, 5.76
quarkus, Memory Usage (Startup), 189.6
quarkus, Startup time, 5.72
quarkus, Memory Usage (Startup), 193.6
quarkus, Startup time, 5.71
quarkus, Memory Usage (Startup), 195
quarkus, Startup time, 5.84
quarkus, Memory Usage (Startup), 199.7
quarkus, Startup time, 5.73
quarkus, Memory Usage (Startup), 190.9
quarkus, Startup time, 5.45
quarkus, Memory Usage (Startup), 201.2
quarkus, Startup time, 5.68
quarkus, Memory Usage (Startup), 195.8
quarkus, Startup time, 5.73
quarkus, Memory Usage (Startup), 197.3
quarkus, Startup time, 5.70
quarkus, Memory Usage (Startup), 196.5
quarkus, Startup time, 5.73
quarkus, Memory Usage (Startup), 192.6
quarkus, Startup time, 5.72
quarkus, Memory Usage (Startup), 193.3
quarkus, Startup time, 5.74
quarkus, Memory Usage (Startup), 192.6
quarkus, Startup time, 5.76
quarkus, Memory Usage (Startup), 194.6
quarkus, Startup time, 5.76
quarkus, Memory Usage (Startup), 196.9
quarkus, Startup time, 5.81
quarkus, Memory Usage (Startup), 212.4
quarkus, Startup time, 5.81
quarkus, Memory Usage (Startup), 189.5
quarkus, Startup time, 5.79
quarkus, Memory Usage (Startup), 198.2
quarkus, Startup time, 5.76
quarkus, Memory Usage (Startup), 197.8
quarkus, Startup time, 5.81
quarkus, Memory Usage (Startup), 193.1
quarkus, Startup time, 5.76
quarkus, Memory Usage (Startup), 206.3
quarkus, Startup time, 5.78
quarkus, Memory Usage (Startup), 190.2
quarkus, Startup time, 5.79
quarkus, Memory Usage (Startup), 192.6
quarkus, Startup time, 5.80
quarkus, Memory Usage (Startup), 211.9
quarkus, Memory Usage (Load), 254.9
quarkus, Load Time, 21.53
quarkus, Memory Usage (Load), 251.9
quarkus, Load Time, 18.66
quarkus, Memory Usage (Load), 245.3
quarkus, Load Time, 19.93
quarkus, Memory Usage (Load), 254
quarkus, Load Time, 20.30
quarkus, Memory Usage (Load), 268.6
quarkus, Load Time, 21.30
quarkus, Memory Usage (Load), 255.5
quarkus, Load Time, 23.80
quarkus, Memory Usage (Load), 248.6
quarkus, Load Time, 19.66
quarkus, Memory Usage (Load), 250.1
quarkus, Load Time, 18.04
quarkus, Memory Usage (Load), 252.6
quarkus, Load Time, 19.83
quarkus, Memory Usage (Load), 252.3
quarkus, Load Time, 18.64
quarkus, Memory Usage (Load), 251.3
quarkus, Load Time, 20.29
quarkus, Memory Usage (Load), 262.8
quarkus, Load Time, 23.27
quarkus, Memory Usage (Load), 262.3
quarkus, Load Time, 21.67
quarkus, Memory Usage (Load), 254.2
quarkus, Load Time, 23.21
quarkus, Memory Usage (Load), 260
quarkus, Load Time, 18.91
quarkus, Memory Usage (Load), 246.1
quarkus, Load Time, 22.34
quarkus, Memory Usage (Load), 251.5
quarkus, Load Time, 23.14
quarkus, Memory Usage (Load), 257.3
quarkus, Load Time, 18.66
quarkus, Memory Usage (Load), 253.1
quarkus, Load Time, 26.21
quarkus, Memory Usage (Load), 252.7
quarkus, Load Time, 23.12
quarkus, Memory Usage (Load), 255
quarkus, Load Time, 19.81
quarkus, Memory Usage (Load), 250.8
quarkus, Load Time, 18.48
quarkus, Memory Usage (Load), 259.3
quarkus, Load Time, 19.70
quarkus, Memory Usage (Load), 252.5
quarkus, Load Time, 17.65
quarkus, Memory Usage (Load), 258.2
quarkus, Load Time, 20.08
quarkus, Memory Usage (Load), 262.7
quarkus, Load Time, 20.80
quarkus, Memory Usage (Load), 254.6
quarkus, Load Time, 19.29
quarkus, Memory Usage (Load), 244.6
quarkus, Load Time, 18.00
quarkus, Memory Usage (Load), 239.7
quarkus, Load Time, 20.99
quarkus, Memory Usage (Load), 260.7
quarkus, Load Time, 17.18
micronaut-jdbc, Compile time, 8.79
micronaut-jdbc, Compile time, 8.86
micronaut-jdbc, Compile time, 8.96
micronaut-jdbc, Compile time, 8.87
micronaut-jdbc, Compile time, 8.81
micronaut-jdbc, Compile time, 9.10
micronaut-jdbc, Compile time, 8.83
micronaut-jdbc, Compile time, 8.76
micronaut-jdbc, Compile time, 8.72
micronaut-jdbc, Compile time, 8.85
micronaut-jdbc, Compile time, 8.98
micronaut-jdbc, Compile time, 8.88
micronaut-jdbc, Compile time, 9.02
micronaut-jdbc, Compile time, 8.75
micronaut-jdbc, Compile time, 8.78
micronaut-jdbc, Compile time, 8.99
micronaut-jdbc, Compile time, 8.88
micronaut-jdbc, Compile time, 8.84
micronaut-jdbc, Compile time, 9.13
micronaut-jdbc, Compile time, 9.20
micronaut-jdbc, Compile time, 8.97
micronaut-jdbc, Compile time, 8.74
micronaut-jdbc, Compile time, 8.96
micronaut-jdbc, Compile time, 9.04
micronaut-jdbc, Compile time, 8.87
micronaut-jdbc, Compile time, 8.86
micronaut-jdbc, Compile time, 9.04
micronaut-jdbc, Compile time, 8.69
micronaut-jdbc, Compile time, 9.08
micronaut-jdbc, Compile time, 9.13
micronaut-jdbc, Startup time, 3.80
micronaut-jdbc, Memory Usage (Startup), 184.3
micronaut-jdbc, Startup time, 3.79
micronaut-jdbc, Memory Usage (Startup), 179.8
micronaut-jdbc, Startup time, 3.77
micronaut-jdbc, Memory Usage (Startup), 178.9
micronaut-jdbc, Startup time, 3.82
micronaut-jdbc, Memory Usage (Startup), 173.5
micronaut-jdbc, Startup time, 3.74
micronaut-jdbc, Memory Usage (Startup), 184.3
micronaut-jdbc, Startup time, 3.79
micronaut-jdbc, Memory Usage (Startup), 177.4
micronaut-jdbc, Startup time, 3.75
micronaut-jdbc, Memory Usage (Startup), 173
micronaut-jdbc, Startup time, 3.75
micronaut-jdbc, Memory Usage (Startup), 178.5
micronaut-jdbc, Startup time, 3.82
micronaut-jdbc, Memory Usage (Startup), 175.9
micronaut-jdbc, Startup time, 3.84
micronaut-jdbc, Memory Usage (Startup), 179.5
micronaut-jdbc, Startup time, 3.81
micronaut-jdbc, Memory Usage (Startup), 179.6
micronaut-jdbc, Startup time, 3.83
micronaut-jdbc, Memory Usage (Startup), 179.6
micronaut-jdbc, Startup time, 3.78
micronaut-jdbc, Memory Usage (Startup), 178
micronaut-jdbc, Startup time, 3.81
micronaut-jdbc, Memory Usage (Startup), 180.9
micronaut-jdbc, Startup time, 3.89
micronaut-jdbc, Memory Usage (Startup), 181.1
micronaut-jdbc, Startup time, 3.85
micronaut-jdbc, Memory Usage (Startup), 180.2
micronaut-jdbc, Startup time, 3.76
micronaut-jdbc, Memory Usage (Startup), 177.9
micronaut-jdbc, Startup time, 3.80
micronaut-jdbc, Memory Usage (Startup), 178.3
micronaut-jdbc, Startup time, 3.80
micronaut-jdbc, Memory Usage (Startup), 175.5
micronaut-jdbc, Startup time, 3.83
micronaut-jdbc, Memory Usage (Startup), 178.5
micronaut-jdbc, Startup time, 3.79
micronaut-jdbc, Memory Usage (Startup), 175.2
micronaut-jdbc, Startup time, 3.81
micronaut-jdbc, Memory Usage (Startup), 178.7
micronaut-jdbc, Startup time, 3.75
micronaut-jdbc, Memory Usage (Startup), 177.6
micronaut-jdbc, Startup time, 3.78
micronaut-jdbc, Memory Usage (Startup), 175.8
micronaut-jdbc, Startup time, 3.77
micronaut-jdbc, Memory Usage (Startup), 179.6
micronaut-jdbc, Startup time, 3.78
micronaut-jdbc, Memory Usage (Startup), 179.8
micronaut-jdbc, Startup time, 3.77
micronaut-jdbc, Memory Usage (Startup), 172.6
micronaut-jdbc, Startup time, 3.80
micronaut-jdbc, Memory Usage (Startup), 182.5
micronaut-jdbc, Startup time, 3.86
micronaut-jdbc, Memory Usage (Startup), 179
micronaut-jdbc, Startup time, 3.89
micronaut-jdbc, Memory Usage (Startup), 174.9
micronaut-jdbc, Memory Usage (Load), 651.3
micronaut-jdbc, Load Time, 14.37
micronaut-jdbc, Memory Usage (Load), 706.7
micronaut-jdbc, Load Time, 13.02
micronaut-jdbc, Memory Usage (Load), 747.7
micronaut-jdbc, Load Time, 12.54
micronaut-jdbc, Memory Usage (Load), 734.3
micronaut-jdbc, Load Time, 12.40
micronaut-jdbc, Memory Usage (Load), 702.1
micronaut-jdbc, Load Time, 13.62
micronaut-jdbc, Memory Usage (Load), 751.5
micronaut-jdbc, Load Time, 12.18
micronaut-jdbc, Memory Usage (Load), 818.2
micronaut-jdbc, Load Time, 13.21
micronaut-jdbc, Memory Usage (Load), 821.8
micronaut-jdbc, Load Time, 13.76
micronaut-jdbc, Memory Usage (Load), 770.1
micronaut-jdbc, Load Time, 13.90
micronaut-jdbc, Memory Usage (Load), 687
micronaut-jdbc, Load Time, 12.60
micronaut-jdbc, Memory Usage (Load), 868.3
micronaut-jdbc, Load Time, 14.52
micronaut-jdbc, Memory Usage (Load), 774.7
micronaut-jdbc, Load Time, 12.90
micronaut-jdbc, Memory Usage (Load), 778.1
micronaut-jdbc, Load Time, 14.21
micronaut-jdbc, Memory Usage (Load), 820.6
micronaut-jdbc, Load Time, 13.42
micronaut-jdbc, Memory Usage (Load), 724.5
micronaut-jdbc, Load Time, 16.35
micronaut-jdbc, Memory Usage (Load), 743.1
micronaut-jdbc, Load Time, 12.30
micronaut-jdbc, Memory Usage (Load), 742.3
micronaut-jdbc, Load Time, 13.01
micronaut-jdbc, Memory Usage (Load), 665.6
micronaut-jdbc, Load Time, 12.18
micronaut-jdbc, Memory Usage (Load), 773.9
micronaut-jdbc, Load Time, 12.23
micronaut-jdbc, Memory Usage (Load), 768.9
micronaut-jdbc, Load Time, 12.81
micronaut-jdbc, Memory Usage (Load), 683.7
micronaut-jdbc, Load Time, 12.24
micronaut-jdbc, Memory Usage (Load), 697.2
micronaut-jdbc, Load Time, 13.62
micronaut-jdbc, Memory Usage (Load), 702.2
micronaut-jdbc, Load Time, 13.54
micronaut-jdbc, Memory Usage (Load), 792
micronaut-jdbc, Load Time, 12.77
micronaut-jdbc, Memory Usage (Load), 746.6
micronaut-jdbc, Load Time, 12.59
micronaut-jdbc, Memory Usage (Load), 783.4
micronaut-jdbc, Load Time, 12.51
micronaut-jdbc, Memory Usage (Load), 880.9
micronaut-jdbc, Load Time, 13.94
micronaut-jdbc, Memory Usage (Load), 637.5
micronaut-jdbc, Load Time, 13.08
micronaut-jdbc, Memory Usage (Load), 858.1
micronaut-jdbc, Load Time, 13.24
micronaut-jdbc, Memory Usage (Load), 801.6
micronaut-jdbc, Load Time, 13.60
micronaut-jpa, Compile time, 11.31
micronaut-jpa, Compile time, 11.12
micronaut-jpa, Compile time, 11.00
micronaut-jpa, Compile time, 11.18
micronaut-jpa, Compile time, 11.46
micronaut-jpa, Compile time, 11.38
micronaut-jpa, Compile time, 11.19
micronaut-jpa, Compile time, 11.23
micronaut-jpa, Compile time, 11.22
micronaut-jpa, Compile time, 11.25
micronaut-jpa, Compile time, 11.12
micronaut-jpa, Compile time, 11.08
micronaut-jpa, Compile time, 10.95
micronaut-jpa, Compile time, 11.22
micronaut-jpa, Compile time, 11.20
micronaut-jpa, Compile time, 11.32
micronaut-jpa, Compile time, 11.21
micronaut-jpa, Compile time, 11.14
micronaut-jpa, Compile time, 11.16
micronaut-jpa, Compile time, 11.10
micronaut-jpa, Compile time, 11.33
micronaut-jpa, Compile time, 11.35
micronaut-jpa, Compile time, 11.21
micronaut-jpa, Compile time, 11.14
micronaut-jpa, Compile time, 11.14
micronaut-jpa, Compile time, 11.20
micronaut-jpa, Compile time, 11.19
micronaut-jpa, Compile time, 11.08
micronaut-jpa, Compile time, 11.17
micronaut-jpa, Compile time, 11.21
micronaut-jpa, Startup time, 5.13
micronaut-jpa, Memory Usage (Startup), 280.7
micronaut-jpa, Startup time, 5.05
micronaut-jpa, Memory Usage (Startup), 253.1
micronaut-jpa, Startup time, 5.09
micronaut-jpa, Memory Usage (Startup), 274
micronaut-jpa, Startup time, 5.08
micronaut-jpa, Memory Usage (Startup), 247.8
micronaut-jpa, Startup time, 5.08
micronaut-jpa, Memory Usage (Startup), 268.4
micronaut-jpa, Startup time, 5.12
micronaut-jpa, Memory Usage (Startup), 273.4
micronaut-jpa, Startup time, 5.07
micronaut-jpa, Memory Usage (Startup), 268.1
micronaut-jpa, Startup time, 5.08
micronaut-jpa, Memory Usage (Startup), 250.5
micronaut-jpa, Startup time, 5.11
micronaut-jpa, Memory Usage (Startup), 268.8
micronaut-jpa, Startup time, 5.01
micronaut-jpa, Memory Usage (Startup), 271.4
micronaut-jpa, Startup time, 5.11
micronaut-jpa, Memory Usage (Startup), 260.5
micronaut-jpa, Startup time, 5.03
micronaut-jpa, Memory Usage (Startup), 256.5
micronaut-jpa, Startup time, 5.09
micronaut-jpa, Memory Usage (Startup), 264.3
micronaut-jpa, Startup time, 5.04
micronaut-jpa, Memory Usage (Startup), 252.7
micronaut-jpa, Startup time, 5.10
micronaut-jpa, Memory Usage (Startup), 264.2
micronaut-jpa, Startup time, 5.02
micronaut-jpa, Memory Usage (Startup), 259.3
micronaut-jpa, Startup time, 5.11
micronaut-jpa, Memory Usage (Startup), 258.3
micronaut-jpa, Startup time, 5.05
micronaut-jpa, Memory Usage (Startup), 260.9
micronaut-jpa, Startup time, 5.06
micronaut-jpa, Memory Usage (Startup), 256.6
micronaut-jpa, Startup time, 5.08
micronaut-jpa, Memory Usage (Startup), 263
micronaut-jpa, Startup time, 5.06
micronaut-jpa, Memory Usage (Startup), 263.9
micronaut-jpa, Startup time, 5.06
micronaut-jpa, Memory Usage (Startup), 266.5
micronaut-jpa, Startup time, 5.12
micronaut-jpa, Memory Usage (Startup), 260.9
micronaut-jpa, Startup time, 5.13
micronaut-jpa, Memory Usage (Startup), 269.3
micronaut-jpa, Startup time, 5.13
micronaut-jpa, Memory Usage (Startup), 253.5
micronaut-jpa, Startup time, 5.12
micronaut-jpa, Memory Usage (Startup), 261.3
micronaut-jpa, Startup time, 5.12
micronaut-jpa, Memory Usage (Startup), 253.9
micronaut-jpa, Startup time, 5.07
micronaut-jpa, Memory Usage (Startup), 265.6
micronaut-jpa, Startup time, 5.10
micronaut-jpa, Memory Usage (Startup), 270.6
micronaut-jpa, Startup time, 5.08
micronaut-jpa, Memory Usage (Startup), 257
micronaut-jpa, Memory Usage (Load), 823.6
micronaut-jpa, Load Time, 15.93
micronaut-jpa, Memory Usage (Load), 912
micronaut-jpa, Load Time, 17.34
micronaut-jpa, Memory Usage (Load), 872.5
micronaut-jpa, Load Time, 19.16
micronaut-jpa, Memory Usage (Load), 846.6
micronaut-jpa, Load Time, 16.72
micronaut-jpa, Memory Usage (Load), 942.2
micronaut-jpa, Load Time, 16.20
micronaut-jpa, Memory Usage (Load), 855.8
micronaut-jpa, Load Time, 17.17
micronaut-jpa, Memory Usage (Load), 895
micronaut-jpa, Load Time, 18.25
micronaut-jpa, Memory Usage (Load), 919.4
micronaut-jpa, Load Time, 19.81
micronaut-jpa, Memory Usage (Load), 933.7
micronaut-jpa, Load Time, 17.87
micronaut-jpa, Memory Usage (Load), 907.7
micronaut-jpa, Load Time, 19.34
micronaut-jpa, Memory Usage (Load), 884.6
micronaut-jpa, Load Time, 17.29
micronaut-jpa, Memory Usage (Load), 786.4
micronaut-jpa, Load Time, 18.06
micronaut-jpa, Memory Usage (Load), 885.5
micronaut-jpa, Load Time, 17.88
micronaut-jpa, Memory Usage (Load), 843.3
micronaut-jpa, Load Time, 19.38
micronaut-jpa, Memory Usage (Load), 846.2
micronaut-jpa, Load Time, 19.08
micronaut-jpa, Memory Usage (Load), 797.6
micronaut-jpa, Load Time, 17.19
micronaut-jpa, Memory Usage (Load), 790.5
micronaut-jpa, Load Time, 18.07
micronaut-jpa, Memory Usage (Load), 846.9
micronaut-jpa, Load Time, 20.14
micronaut-jpa, Memory Usage (Load), 834.4
micronaut-jpa, Load Time, 18.73
micronaut-jpa, Memory Usage (Load), 861.6
micronaut-jpa, Load Time, 16.60
micronaut-jpa, Memory Usage (Load), 969.9
micronaut-jpa, Load Time, 16.30
micronaut-jpa, Memory Usage (Load), 825.5
micronaut-jpa, Load Time, 18.12
micronaut-jpa, Memory Usage (Load), 865
micronaut-jpa, Load Time, 18.08
micronaut-jpa, Memory Usage (Load), 829.7
micronaut-jpa, Load Time, 18.95
micronaut-jpa, Memory Usage (Load), 828.2
micronaut-jpa, Load Time, 18.19
micronaut-jpa, Memory Usage (Load), 822.2
micronaut-jpa, Load Time, 16.50
micronaut-jpa, Memory Usage (Load), 776.8
micronaut-jpa, Load Time, 19.40
micronaut-jpa, Memory Usage (Load), 1024
micronaut-jpa, Load Time, 17.68
micronaut-jpa, Memory Usage (Load), 925.5
micronaut-jpa, Load Time, 20.24
micronaut-jpa, Memory Usage (Load), 1.237
micronaut-jpa, Load Time, 21.87
quarkus-graal, Compile time, 232.48
quarkus-graal, Compile time, 240.21
quarkus-graal, Compile time, 238.04
quarkus-graal, Compile time, 249.34
quarkus-graal, Compile time, 247.07
quarkus-graal, Compile time, 249.95
quarkus-graal, Compile time, 233.89
quarkus-graal, Compile time, 246.88
quarkus-graal, Compile time, 252.56
quarkus-graal, Compile time, 237.17
quarkus-graal, Compile time, 245.61
quarkus-graal, Compile time, 244.89
quarkus-graal, Compile time, 251.91
quarkus-graal, Compile time, 232.05
quarkus-graal, Compile time, 250.20
quarkus-graal, Compile time, 229.10
quarkus-graal, Compile time, 250.08
quarkus-graal, Compile time, 235.89
quarkus-graal, Compile time, 251.08
quarkus-graal, Compile time, 239.45
quarkus-graal, Compile time, 237.79
quarkus-graal, Compile time, 234.20
quarkus-graal, Compile time, 247.26
quarkus-graal, Compile time, 234.30
quarkus-graal, Compile time, 239.11
quarkus-graal, Compile time, 241.29
quarkus-graal, Compile time, 233.93
quarkus-graal, Compile time, 234.49
quarkus-graal, Compile time, 235.92
quarkus-graal, Compile time, 227.98
quarkus-graal, Startup time, 1.50
quarkus-graal, Memory Usage (Startup), 7.039
quarkus-graal, Startup time, 1.40
quarkus-graal, Memory Usage (Startup), 6.953
quarkus-graal, Startup time, 1.40
quarkus-graal, Memory Usage (Startup), 7.121
quarkus-graal, Startup time, 1.37
quarkus-graal, Memory Usage (Startup), 7.113
quarkus-graal, Startup time, 1.39
quarkus-graal, Memory Usage (Startup), 7.09
quarkus-graal, Startup time, 1.39
quarkus-graal, Memory Usage (Startup), 6.969
quarkus-graal, Startup time, 1.39
quarkus-graal, Memory Usage (Startup), 7.07
quarkus-graal, Startup time, 1.41
quarkus-graal, Memory Usage (Startup), 7.07
quarkus-graal, Startup time, 1.37
quarkus-graal, Memory Usage (Startup), 7.156
quarkus-graal, Startup time, 1.40
quarkus-graal, Memory Usage (Startup), 7.094
quarkus-graal, Startup time, 1.37
quarkus-graal, Memory Usage (Startup), 7.098
quarkus-graal, Startup time, 1.40
quarkus-graal, Memory Usage (Startup), 7.012
quarkus-graal, Startup time, 1.37
quarkus-graal, Memory Usage (Startup), 6.988
quarkus-graal, Startup time, 1.39
quarkus-graal, Memory Usage (Startup), 7.156
quarkus-graal, Startup time, 1.37
quarkus-graal, Memory Usage (Startup), 6.984
quarkus-graal, Startup time, 1.36
quarkus-graal, Memory Usage (Startup), 7.059
quarkus-graal, Startup time, 1.37
quarkus-graal, Memory Usage (Startup), 7.102
quarkus-graal, Startup time, 1.41
quarkus-graal, Memory Usage (Startup), 7.078
quarkus-graal, Startup time, 1.41
quarkus-graal, Memory Usage (Startup), 7.043
quarkus-graal, Startup time, 1.37
quarkus-graal, Memory Usage (Startup), 7
quarkus-graal, Startup time, 1.38
quarkus-graal, Memory Usage (Startup), 7.086
quarkus-graal, Startup time, 1.40
quarkus-graal, Memory Usage (Startup), 7.094
quarkus-graal, Startup time, 1.37
quarkus-graal, Memory Usage (Startup), 7.078
quarkus-graal, Startup time, 1.39
quarkus-graal, Memory Usage (Startup), 7.07
quarkus-graal, Startup time, 1.39
quarkus-graal, Memory Usage (Startup), 6.969
quarkus-graal, Startup time, 1.38
quarkus-graal, Memory Usage (Startup), 6.98
quarkus-graal, Startup time, 1.38
quarkus-graal, Memory Usage (Startup), 7.176
quarkus-graal, Startup time, 1.40
quarkus-graal, Memory Usage (Startup), 7.031
quarkus-graal, Startup time, 1.41
quarkus-graal, Memory Usage (Startup), 7.09
quarkus-graal, Startup time, 1.39
quarkus-graal, Memory Usage (Startup), 6.949
quarkus-graal, Memory Usage (Load), 363.5
quarkus-graal, Load Time, 10.27
quarkus-graal, Memory Usage (Load), 368.1
quarkus-graal, Load Time, 9.76
quarkus-graal, Memory Usage (Load), 363.3
quarkus-graal, Load Time, 10.06
quarkus-graal, Memory Usage (Load), 368.2
quarkus-graal, Load Time, 9.85
quarkus-graal, Memory Usage (Load), 367.4
quarkus-graal, Load Time, 10.05
quarkus-graal, Memory Usage (Load), 372.1
quarkus-graal, Load Time, 10.03
quarkus-graal, Memory Usage (Load), 371.5
quarkus-graal, Load Time, 9.87
quarkus-graal, Memory Usage (Load), 360.4
quarkus-graal, Load Time, 9.65
quarkus-graal, Memory Usage (Load), 327
quarkus-graal, Load Time, 9.31
quarkus-graal, Memory Usage (Load), 370.4
quarkus-graal, Load Time, 10.05
quarkus-graal, Memory Usage (Load), 368.6
quarkus-graal, Load Time, 10.20
quarkus-graal, Memory Usage (Load), 338.7
quarkus-graal, Load Time, 9.47
quarkus-graal, Memory Usage (Load), 367.8
quarkus-graal, Load Time, 9.86
quarkus-graal, Memory Usage (Load), 354.1
quarkus-graal, Load Time, 9.41
quarkus-graal, Memory Usage (Load), 364.2
quarkus-graal, Load Time, 9.60
quarkus-graal, Memory Usage (Load), 377
quarkus-graal, Load Time, 10.22
quarkus-graal, Memory Usage (Load), 366.7
quarkus-graal, Load Time, 10.12
quarkus-graal, Memory Usage (Load), 369.3
quarkus-graal, Load Time, 9.92
quarkus-graal, Memory Usage (Load), 367.7
quarkus-graal, Load Time, 9.84
quarkus-graal, Memory Usage (Load), 364
quarkus-graal, Load Time, 9.71
quarkus-graal, Memory Usage (Load), 370.2
quarkus-graal, Load Time, 10.43
quarkus-graal, Memory Usage (Load), 379.7
quarkus-graal, Load Time, 9.91
quarkus-graal, Memory Usage (Load), 379.5
quarkus-graal, Load Time, 10.64
quarkus-graal, Memory Usage (Load), 368.1
quarkus-graal, Load Time, 10.28
quarkus-graal, Memory Usage (Load), 396.7
quarkus-graal, Load Time, 10.79
quarkus-graal, Memory Usage (Load), 362.9
quarkus-graal, Load Time, 10.25
quarkus-graal, Memory Usage (Load), 376.2
quarkus-graal, Load Time, 10.33
quarkus-graal, Memory Usage (Load), 368.1
quarkus-graal, Load Time, 9.71
quarkus-graal, Memory Usage (Load), 363.1
quarkus-graal, Load Time, 9.72
quarkus-graal, Memory Usage (Load), 396.7
quarkus-graal, Load Time, 10.70
micronaut-jdbc-graal, Compile time, 231.64
micronaut-jdbc-graal, Compile time, 228.14
micronaut-jdbc-graal, Compile time, 243.98
micronaut-jdbc-graal, Compile time, 229.38
micronaut-jdbc-graal, Compile time, 233.37
micronaut-jdbc-graal, Compile time, 237.46
micronaut-jdbc-graal, Compile time, 234.20
micronaut-jdbc-graal, Compile time, 229.68
micronaut-jdbc-graal, Compile time, 228.27
micronaut-jdbc-graal, Compile time, 236.17
micronaut-jdbc-graal, Compile time, 227.49
micronaut-jdbc-graal, Compile time, 231.91
micronaut-jdbc-graal, Compile time, 229.63
micronaut-jdbc-graal, Compile time, 226.40
micronaut-jdbc-graal, Compile time, 229.21
micronaut-jdbc-graal, Compile time, 232.25
micronaut-jdbc-graal, Compile time, 230.04
micronaut-jdbc-graal, Compile time, 228.95
micronaut-jdbc-graal, Compile time, 224.46
micronaut-jdbc-graal, Compile time, 227.22
micronaut-jdbc-graal, Compile time, 223.94
micronaut-jdbc-graal, Compile time, 249.32
micronaut-jdbc-graal, Compile time, 232.01
micronaut-jdbc-graal, Compile time, 229.29
micronaut-jdbc-graal, Compile time, 228.42
micronaut-jdbc-graal, Compile time, 224.94
micronaut-jdbc-graal, Compile time, 248.90
micronaut-jdbc-graal, Compile time, 225.34
micronaut-jdbc-graal, Compile time, 227.21
micronaut-jdbc-graal, Compile time, 227.47
micronaut-jdbc-graal, Startup time, 1.60
micronaut-jdbc-graal, Memory Usage (Startup), 15.88
micronaut-jdbc-graal, Startup time, 1.47
micronaut-jdbc-graal, Memory Usage (Startup), 15.99
micronaut-jdbc-graal, Startup time, 1.43
micronaut-jdbc-graal, Memory Usage (Startup), 15.82
micronaut-jdbc-graal, Startup time, 1.52
micronaut-jdbc-graal, Memory Usage (Startup), 16.01
micronaut-jdbc-graal, Startup time, 1.42
micronaut-jdbc-graal, Memory Usage (Startup), 15.9
micronaut-jdbc-graal, Startup time, 1.45
micronaut-jdbc-graal, Memory Usage (Startup), 15.8
micronaut-jdbc-graal, Startup time, 1.45
micronaut-jdbc-graal, Memory Usage (Startup), 16
micronaut-jdbc-graal, Startup time, 1.44
micronaut-jdbc-graal, Memory Usage (Startup), 15.9
micronaut-jdbc-graal, Startup time, 1.43
micronaut-jdbc-graal, Memory Usage (Startup), 15.95
micronaut-jdbc-graal, Startup time, 1.43
micronaut-jdbc-graal, Memory Usage (Startup), 15.81
micronaut-jdbc-graal, Startup time, 1.44
micronaut-jdbc-graal, Memory Usage (Startup), 15.89
micronaut-jdbc-graal, Startup time, 1.45
micronaut-jdbc-graal, Memory Usage (Startup), 15.95
micronaut-jdbc-graal, Startup time, 1.46
micronaut-jdbc-graal, Memory Usage (Startup), 15.88
micronaut-jdbc-graal, Startup time, 1.45
micronaut-jdbc-graal, Memory Usage (Startup), 15.91
micronaut-jdbc-graal, Startup time, 1.46
micronaut-jdbc-graal, Memory Usage (Startup), 15.83
micronaut-jdbc-graal, Startup time, 1.42
micronaut-jdbc-graal, Memory Usage (Startup), 15.95
micronaut-jdbc-graal, Startup time, 1.48
micronaut-jdbc-graal, Memory Usage (Startup), 16.1
micronaut-jdbc-graal, Startup time, 1.48
micronaut-jdbc-graal, Memory Usage (Startup), 15.93
micronaut-jdbc-graal, Startup time, 1.44
micronaut-jdbc-graal, Memory Usage (Startup), 15.91
micronaut-jdbc-graal, Startup time, 1.46
micronaut-jdbc-graal, Memory Usage (Startup), 15.83
micronaut-jdbc-graal, Startup time, 1.46
micronaut-jdbc-graal, Memory Usage (Startup), 15.85
micronaut-jdbc-graal, Startup time, 1.45
micronaut-jdbc-graal, Memory Usage (Startup), 15.87
micronaut-jdbc-graal, Startup time, 1.47
micronaut-jdbc-graal, Memory Usage (Startup), 15.93
micronaut-jdbc-graal, Startup time, 1.42
micronaut-jdbc-graal, Memory Usage (Startup), 15.8
micronaut-jdbc-graal, Startup time, 1.48
micronaut-jdbc-graal, Memory Usage (Startup), 15.87
micronaut-jdbc-graal, Startup time, 1.44
micronaut-jdbc-graal, Memory Usage (Startup), 15.82
micronaut-jdbc-graal, Startup time, 1.45
micronaut-jdbc-graal, Memory Usage (Startup), 15.9
micronaut-jdbc-graal, Startup time, 1.43
micronaut-jdbc-graal, Memory Usage (Startup), 15.9
micronaut-jdbc-graal, Startup time, 1.46
micronaut-jdbc-graal, Memory Usage (Startup), 15.95
micronaut-jdbc-graal, Startup time, 1.45
micronaut-jdbc-graal, Memory Usage (Startup), 15.86
micronaut-jdbc-graal, Memory Usage (Load), 401.2
micronaut-jdbc-graal, Load Time, 11.72
micronaut-jdbc-graal, Memory Usage (Load), 358.3
micronaut-jdbc-graal, Load Time, 10.65
micronaut-jdbc-graal, Memory Usage (Load), 376.9
micronaut-jdbc-graal, Load Time, 12.09
micronaut-jdbc-graal, Memory Usage (Load), 364.2
micronaut-jdbc-graal, Load Time, 10.66
micronaut-jdbc-graal, Memory Usage (Load), 370.6
micronaut-jdbc-graal, Load Time, 11.48
micronaut-jdbc-graal, Memory Usage (Load), 357.8
micronaut-jdbc-graal, Load Time, 10.59
micronaut-jdbc-graal, Memory Usage (Load), 363.1
micronaut-jdbc-graal, Load Time, 10.75
micronaut-jdbc-graal, Memory Usage (Load), 363.6
micronaut-jdbc-graal, Load Time, 11.06
micronaut-jdbc-graal, Memory Usage (Load), 335.8
micronaut-jdbc-graal, Load Time, 9.63
micronaut-jdbc-graal, Memory Usage (Load), 355.5
micronaut-jdbc-graal, Load Time, 10.71
micronaut-jdbc-graal, Memory Usage (Load), 367.9
micronaut-jdbc-graal, Load Time, 10.90
micronaut-jdbc-graal, Memory Usage (Load), 368.6
micronaut-jdbc-graal, Load Time, 11.39
micronaut-jdbc-graal, Memory Usage (Load), 353
micronaut-jdbc-graal, Load Time, 10.82
micronaut-jdbc-graal, Memory Usage (Load), 372.6
micronaut-jdbc-graal, Load Time, 11.70
micronaut-jdbc-graal, Memory Usage (Load), 368.1
micronaut-jdbc-graal, Load Time, 11.23
micronaut-jdbc-graal, Memory Usage (Load), 359.4
micronaut-jdbc-graal, Load Time, 10.69
micronaut-jdbc-graal, Memory Usage (Load), 370.4
micronaut-jdbc-graal, Load Time, 11.76
micronaut-jdbc-graal, Memory Usage (Load), 375
micronaut-jdbc-graal, Load Time, 11.24
micronaut-jdbc-graal, Memory Usage (Load), 375.4
micronaut-jdbc-graal, Load Time, 11.10
micronaut-jdbc-graal, Memory Usage (Load), 381.4
micronaut-jdbc-graal, Load Time, 11.87
micronaut-jdbc-graal, Memory Usage (Load), 355.3
micronaut-jdbc-graal, Load Time, 10.93
micronaut-jdbc-graal, Memory Usage (Load), 377.2
micronaut-jdbc-graal, Load Time, 11.88
micronaut-jdbc-graal, Memory Usage (Load), 387.6
micronaut-jdbc-graal, Load Time, 11.46
micronaut-jdbc-graal, Memory Usage (Load), 372.9
micronaut-jdbc-graal, Load Time, 11.67
micronaut-jdbc-graal, Memory Usage (Load), 375.6
micronaut-jdbc-graal, Load Time, 11.05
micronaut-jdbc-graal, Memory Usage (Load), 355.9
micronaut-jdbc-graal, Load Time, 10.75
micronaut-jdbc-graal, Memory Usage (Load), 387.9
micronaut-jdbc-graal, Load Time, 11.68
micronaut-jdbc-graal, Memory Usage (Load), 335
micronaut-jdbc-graal, Load Time, 10.32
micronaut-jdbc-graal, Memory Usage (Load), 371
micronaut-jdbc-graal, Load Time, 11.08
micronaut-jdbc-graal, Memory Usage (Load), 378.1
micronaut-jdbc-graal, Load Time, 11.90
micronaut-jpa-graal, Compile time, 353.77
micronaut-jpa-graal, Compile time, 352.15
micronaut-jpa-graal, Compile time, 349.27
micronaut-jpa-graal, Compile time, 347.16
micronaut-jpa-graal, Compile time, 347.74
micronaut-jpa-graal, Compile time, 347.07
micronaut-jpa-graal, Compile time, 353.16
micronaut-jpa-graal, Compile time, 345.18
micronaut-jpa-graal, Compile time, 343.03
micronaut-jpa-graal, Compile time, 368.22
micronaut-jpa-graal, Compile time, 344.59
micronaut-jpa-graal, Compile time, 350.25
micronaut-jpa-graal, Compile time, 349.81
micronaut-jpa-graal, Compile time, 352.11
micronaut-jpa-graal, Compile time, 351.27
micronaut-jpa-graal, Compile time, 354.57
micronaut-jpa-graal, Compile time, 356.46
micronaut-jpa-graal, Compile time, 356.04
micronaut-jpa-graal, Compile time, 351.17
micronaut-jpa-graal, Compile time, 352.76
micronaut-jpa-graal, Compile time, 350.63
micronaut-jpa-graal, Compile time, 361.82
micronaut-jpa-graal, Compile time, 354.64
micronaut-jpa-graal, Compile time, 353.96
micronaut-jpa-graal, Compile time, 348.61
micronaut-jpa-graal, Compile time, 349.00
micronaut-jpa-graal, Compile time, 352.44
micronaut-jpa-graal, Compile time, 352.97
micronaut-jpa-graal, Compile time, 352.08
micronaut-jpa-graal, Compile time, 349.99
micronaut-jpa-graal, Startup time, 1.54
micronaut-jpa-graal, Memory Usage (Startup), 27.89
micronaut-jpa-graal, Startup time, 1.47
micronaut-jpa-graal, Memory Usage (Startup), 27.83
micronaut-jpa-graal, Startup time, 1.40
micronaut-jpa-graal, Memory Usage (Startup), 27.79
micronaut-jpa-graal, Startup time, 1.41
micronaut-jpa-graal, Memory Usage (Startup), 27.68
micronaut-jpa-graal, Startup time, 1.42
micronaut-jpa-graal, Memory Usage (Startup), 27.76
micronaut-jpa-graal, Startup time, 1.41
micronaut-jpa-graal, Memory Usage (Startup), 27.79
micronaut-jpa-graal, Startup time, 1.41
micronaut-jpa-graal, Memory Usage (Startup), 27.84
micronaut-jpa-graal, Startup time, 1.44
micronaut-jpa-graal, Memory Usage (Startup), 27.73
micronaut-jpa-graal, Startup time, 1.44
micronaut-jpa-graal, Memory Usage (Startup), 27.76
micronaut-jpa-graal, Startup time, 1.41
micronaut-jpa-graal, Memory Usage (Startup), 27.63
micronaut-jpa-graal, Startup time, 1.43
micronaut-jpa-graal, Memory Usage (Startup), 27.86
micronaut-jpa-graal, Startup time, 1.43
micronaut-jpa-graal, Memory Usage (Startup), 27.77
micronaut-jpa-graal, Startup time, 1.50
micronaut-jpa-graal, Memory Usage (Startup), 27.79
micronaut-jpa-graal, Startup time, 1.48
micronaut-jpa-graal, Memory Usage (Startup), 27.88
micronaut-jpa-graal, Startup time, 1.44
micronaut-jpa-graal, Memory Usage (Startup), 27.71
micronaut-jpa-graal, Startup time, 1.42
micronaut-jpa-graal, Memory Usage (Startup), 27.78
micronaut-jpa-graal, Startup time, 1.42
micronaut-jpa-graal, Memory Usage (Startup), 27.67
micronaut-jpa-graal, Startup time, 1.78
micronaut-jpa-graal, Memory Usage (Startup), 27.82
micronaut-jpa-graal, Startup time, 1.41
micronaut-jpa-graal, Memory Usage (Startup), 27.7
micronaut-jpa-graal, Startup time, 1.42
micronaut-jpa-graal, Memory Usage (Startup), 27.73
micronaut-jpa-graal, Startup time, 1.46
micronaut-jpa-graal, Memory Usage (Startup), 27.7
micronaut-jpa-graal, Startup time, 1.43
micronaut-jpa-graal, Memory Usage (Startup), 27.82
micronaut-jpa-graal, Startup time, 1.43
micronaut-jpa-graal, Memory Usage (Startup), 27.8
micronaut-jpa-graal, Startup time, 1.40
micronaut-jpa-graal, Memory Usage (Startup), 27.89
micronaut-jpa-graal, Startup time, 1.40
micronaut-jpa-graal, Memory Usage (Startup), 27.81
micronaut-jpa-graal, Startup time, 1.42
micronaut-jpa-graal, Memory Usage (Startup), 27.85
micronaut-jpa-graal, Startup time, 1.42
micronaut-jpa-graal, Memory Usage (Startup), 27.75
micronaut-jpa-graal, Startup time, 1.44
micronaut-jpa-graal, Memory Usage (Startup), 27.73
micronaut-jpa-graal, Startup time, 1.45
micronaut-jpa-graal, Memory Usage (Startup), 27.77
micronaut-jpa-graal, Startup time, 1.44
micronaut-jpa-graal, Memory Usage (Startup), 27.71
micronaut-jpa-graal, Memory Usage (Load), 504.2
micronaut-jpa-graal, Load Time, 19.35
micronaut-jpa-graal, Memory Usage (Load), 428.5
micronaut-jpa-graal, Load Time, 12.81
micronaut-jpa-graal, Memory Usage (Load), 423
micronaut-jpa-graal, Load Time, 13.30
micronaut-jpa-graal, Memory Usage (Load), 446.8
micronaut-jpa-graal, Load Time, 13.41
micronaut-jpa-graal, Memory Usage (Load), 430.2
micronaut-jpa-graal, Load Time, 14.41
micronaut-jpa-graal, Memory Usage (Load), 438.6
micronaut-jpa-graal, Load Time, 14.60
micronaut-jpa-graal, Memory Usage (Load), 426.2
micronaut-jpa-graal, Load Time, 14.77
micronaut-jpa-graal, Memory Usage (Load), 417.1
micronaut-jpa-graal, Load Time, 13.43
micronaut-jpa-graal, Memory Usage (Load), 468.6
micronaut-jpa-graal, Load Time, 14.11
micronaut-jpa-graal, Memory Usage (Load), 432.9
micronaut-jpa-graal, Load Time, 14.25
micronaut-jpa-graal, Memory Usage (Load), 416.3
micronaut-jpa-graal, Load Time, 13.31
micronaut-jpa-graal, Memory Usage (Load), 426
micronaut-jpa-graal, Load Time, 14.36
micronaut-jpa-graal, Memory Usage (Load), 448.2
micronaut-jpa-graal, Load Time, 14.26
micronaut-jpa-graal, Memory Usage (Load), 417.1
micronaut-jpa-graal, Load Time, 13.39
micronaut-jpa-graal, Memory Usage (Load), 445.2
micronaut-jpa-graal, Load Time, 14.33
micronaut-jpa-graal, Memory Usage (Load), 447.7
micronaut-jpa-graal, Load Time, 14.61
micronaut-jpa-graal, Memory Usage (Load), 452.1
micronaut-jpa-graal, Load Time, 15.24
micronaut-jpa-graal, Memory Usage (Load), 410.4
micronaut-jpa-graal, Load Time, 14.14
micronaut-jpa-graal, Memory Usage (Load), 447.3
micronaut-jpa-graal, Load Time, 13.77
micronaut-jpa-graal, Memory Usage (Load), 453.6
micronaut-jpa-graal, Load Time, 13.94
micronaut-jpa-graal, Memory Usage (Load), 486.3
micronaut-jpa-graal, Load Time, 13.85
micronaut-jpa-graal, Memory Usage (Load), 491.8
micronaut-jpa-graal, Load Time, 15.11
micronaut-jpa-graal, Memory Usage (Load), 419.9
micronaut-jpa-graal, Load Time, 13.13
micronaut-jpa-graal, Memory Usage (Load), 433.5
micronaut-jpa-graal, Load Time, 14.85
micronaut-jpa-graal, Memory Usage (Load), 422.6
micronaut-jpa-graal, Load Time, 13.57
micronaut-jpa-graal, Memory Usage (Load), 456.2
micronaut-jpa-graal, Load Time, 14.70
micronaut-jpa-graal, Memory Usage (Load), 433.2
micronaut-jpa-graal, Load Time, 13.94
micronaut-jpa-graal, Memory Usage (Load), 430
micronaut-jpa-graal, Load Time, 14.02
micronaut-jpa-graal, Memory Usage (Load), 470.3
micronaut-jpa-graal, Load Time, 14.39
micronaut-jpa-graal, Memory Usage (Load), 452.7
micronaut-jpa-graal, Load Time, 13.68
