micronaut-jdbc, Compile time, 14.96
micronaut-jdbc, Compile time, 8.95
micronaut-jdbc, Compile time, 9.07
micronaut-jdbc, Compile time, 9.32
micronaut-jdbc, Compile time, 8.86
micronaut-jdbc, Compile time, 8.94
micronaut-jdbc, Compile time, 8.81
micronaut-jdbc, Compile time, 9.14
micronaut-jdbc, Compile time, 9.33
micronaut-jdbc, Compile time, 9.21
micronaut-jdbc, Compile time, 8.95
micronaut-jdbc, Compile time, 9.01
micronaut-jdbc, Compile time, 9.08
micronaut-jdbc, Compile time, 8.84
micronaut-jdbc, Compile time, 9.17
micronaut-jdbc, Compile time, 9.07
micronaut-jdbc, Compile time, 9.24
micronaut-jdbc, Compile time, 8.79
micronaut-jdbc, Compile time, 9.20
micronaut-jdbc, Compile time, 9.15
micronaut-jdbc, Compile time, 9.35
micronaut-jdbc, Compile time, 9.21
micronaut-jdbc, Compile time, 9.41
micronaut-jdbc, Compile time, 9.15
micronaut-jdbc, Compile time, 9.14
micronaut-jdbc, Compile time, 9.34
micronaut-jdbc, Compile time, 8.97
micronaut-jdbc, Compile time, 9.40
micronaut-jdbc, Compile time, 9.23
micronaut-jdbc, Compile time, 9.34
micronaut-jdbc, Startup time, 6.41
micronaut-jdbc, Memory Usage (Startup), 165.2
micronaut-jdbc, Startup time, 3.93
micronaut-jdbc, Memory Usage (Startup), 179.3
micronaut-jdbc, Startup time, 3.81
micronaut-jdbc, Memory Usage (Startup), 178.7
micronaut-jdbc, Startup time, 3.85
micronaut-jdbc, Memory Usage (Startup), 173
micronaut-jdbc, Startup time, 3.82
micronaut-jdbc, Memory Usage (Startup), 180.7
micronaut-jdbc, Startup time, 3.77
micronaut-jdbc, Memory Usage (Startup), 175.1
micronaut-jdbc, Startup time, 3.83
micronaut-jdbc, Memory Usage (Startup), 183.7
micronaut-jdbc, Startup time, 3.83
micronaut-jdbc, Memory Usage (Startup), 175.6
micronaut-jdbc, Startup time, 3.79
micronaut-jdbc, Memory Usage (Startup), 178.2
micronaut-jdbc, Startup time, 3.77
micronaut-jdbc, Memory Usage (Startup), 181.1
micronaut-jdbc, Startup time, 3.83
micronaut-jdbc, Memory Usage (Startup), 178.7
micronaut-jdbc, Startup time, 3.81
micronaut-jdbc, Memory Usage (Startup), 174
micronaut-jdbc, Startup time, 3.95
micronaut-jdbc, Memory Usage (Startup), 184.1
micronaut-jdbc, Startup time, 3.84
micronaut-jdbc, Memory Usage (Startup), 178.2
micronaut-jdbc, Startup time, 3.87
micronaut-jdbc, Memory Usage (Startup), 174.7
micronaut-jdbc, Startup time, 3.84
micronaut-jdbc, Memory Usage (Startup), 174.9
micronaut-jdbc, Startup time, 4.27
micronaut-jdbc, Memory Usage (Startup), 179.6
micronaut-jdbc, Startup time, 4.24
micronaut-jdbc, Memory Usage (Startup), 175.8
micronaut-jdbc, Startup time, 4.30
micronaut-jdbc, Memory Usage (Startup), 178.7
micronaut-jdbc, Startup time, 4.30
micronaut-jdbc, Memory Usage (Startup), 175.6
micronaut-jdbc, Startup time, 4.29
micronaut-jdbc, Memory Usage (Startup), 176
micronaut-jdbc, Startup time, 4.32
micronaut-jdbc, Memory Usage (Startup), 177.3
micronaut-jdbc, Startup time, 4.34
micronaut-jdbc, Memory Usage (Startup), 181.6
micronaut-jdbc, Startup time, 4.20
micronaut-jdbc, Memory Usage (Startup), 175.3
micronaut-jdbc, Startup time, 4.24
micronaut-jdbc, Memory Usage (Startup), 177
micronaut-jdbc, Startup time, 4.24
micronaut-jdbc, Memory Usage (Startup), 176.8
micronaut-jdbc, Startup time, 4.28
micronaut-jdbc, Memory Usage (Startup), 188
micronaut-jdbc, Startup time, 4.22
micronaut-jdbc, Memory Usage (Startup), 177.4
micronaut-jdbc, Startup time, 4.25
micronaut-jdbc, Memory Usage (Startup), 178.4
micronaut-jdbc, Startup time, 4.26
micronaut-jdbc, Memory Usage (Startup), 179.5
micronaut-jdbc, Memory Usage (Load), 866.1
micronaut-jdbc, Load Time, 18.78
micronaut-jdbc, Memory Usage (Load), 791
micronaut-jdbc, Load Time, 14.01
micronaut-jdbc, Memory Usage (Load), 719.1
micronaut-jdbc, Load Time, 14.03
micronaut-jdbc, Memory Usage (Load), 821.8
micronaut-jdbc, Load Time, 15.29
micronaut-jdbc, Memory Usage (Load), 808.9
micronaut-jdbc, Load Time, 18.18
micronaut-jdbc, Memory Usage (Load), 730.4
micronaut-jdbc, Load Time, 13.93
micronaut-jdbc, Memory Usage (Load), 795.5
micronaut-jdbc, Load Time, 14.66
micronaut-jdbc, Memory Usage (Load), 769.9
micronaut-jdbc, Load Time, 14.63
micronaut-jdbc, Memory Usage (Load), 801.4
micronaut-jdbc, Load Time, 14.22
micronaut-jdbc, Memory Usage (Load), 680.5
micronaut-jdbc, Load Time, 15.02
micronaut-jdbc, Memory Usage (Load), 791.2
micronaut-jdbc, Load Time, 13.61
micronaut-jdbc, Memory Usage (Load), 777.2
micronaut-jdbc, Load Time, 14.92
micronaut-jdbc, Memory Usage (Load), 1021
micronaut-jdbc, Load Time, 16.17
micronaut-jdbc, Memory Usage (Load), 746.9
micronaut-jdbc, Load Time, 13.87
micronaut-jdbc, Memory Usage (Load), 733.7
micronaut-jdbc, Load Time, 13.34
micronaut-jdbc, Memory Usage (Load), 822.4
micronaut-jdbc, Load Time, 15.03
micronaut-jdbc, Memory Usage (Load), 744.6
micronaut-jdbc, Load Time, 14.29
micronaut-jdbc, Memory Usage (Load), 664.2
micronaut-jdbc, Load Time, 12.98
micronaut-jdbc, Memory Usage (Load), 771.6
micronaut-jdbc, Load Time, 14.71
micronaut-jdbc, Memory Usage (Load), 738.3
micronaut-jdbc, Load Time, 15.70
micronaut-jdbc, Memory Usage (Load), 651.3
micronaut-jdbc, Load Time, 14.24
micronaut-jdbc, Memory Usage (Load), 713.8
micronaut-jdbc, Load Time, 13.99
micronaut-jdbc, Memory Usage (Load), 795.2
micronaut-jdbc, Load Time, 14.71
micronaut-jdbc, Memory Usage (Load), 716.9
micronaut-jdbc, Load Time, 14.40
micronaut-jdbc, Memory Usage (Load), 667.3
micronaut-jdbc, Load Time, 13.51
micronaut-jdbc, Memory Usage (Load), 750.7
micronaut-jdbc, Load Time, 13.92
micronaut-jdbc, Memory Usage (Load), 716.1
micronaut-jdbc, Load Time, 13.55
micronaut-jdbc, Memory Usage (Load), 753.6
micronaut-jdbc, Load Time, 14.35
micronaut-jdbc, Memory Usage (Load), 745.3
micronaut-jdbc, Load Time, 14.65
micronaut-jdbc, Memory Usage (Load), 800.1
micronaut-jdbc, Load Time, 14.45
micronaut-jpa, Compile time, 13.53
micronaut-jpa, Compile time, 11.82
micronaut-jpa, Compile time, 11.78
micronaut-jpa, Compile time, 11.70
micronaut-jpa, Compile time, 11.73
micronaut-jpa, Compile time, 11.95
micronaut-jpa, Compile time, 12.09
micronaut-jpa, Compile time, 11.90
micronaut-jpa, Compile time, 11.71
micronaut-jpa, Compile time, 11.80
micronaut-jpa, Compile time, 11.74
micronaut-jpa, Compile time, 11.71
micronaut-jpa, Compile time, 11.75
micronaut-jpa, Compile time, 12.13
micronaut-jpa, Compile time, 11.86
micronaut-jpa, Compile time, 11.86
micronaut-jpa, Compile time, 11.76
micronaut-jpa, Compile time, 11.84
micronaut-jpa, Compile time, 11.84
micronaut-jpa, Compile time, 11.65
micronaut-jpa, Compile time, 11.85
micronaut-jpa, Compile time, 11.80
micronaut-jpa, Compile time, 11.98
micronaut-jpa, Compile time, 11.81
micronaut-jpa, Compile time, 11.61
micronaut-jpa, Compile time, 11.85
micronaut-jpa, Compile time, 11.80
micronaut-jpa, Compile time, 11.89
micronaut-jpa, Compile time, 11.67
micronaut-jpa, Compile time, 12.14
micronaut-jpa, Startup time, 5.95
micronaut-jpa, Memory Usage (Startup), 254.8
micronaut-jpa, Startup time, 5.55
micronaut-jpa, Memory Usage (Startup), 245.1
micronaut-jpa, Startup time, 5.56
micronaut-jpa, Memory Usage (Startup), 258.9
micronaut-jpa, Startup time, 5.24
micronaut-jpa, Memory Usage (Startup), 269.9
micronaut-jpa, Startup time, 5.55
micronaut-jpa, Memory Usage (Startup), 266.7
micronaut-jpa, Startup time, 5.54
micronaut-jpa, Memory Usage (Startup), 256.3
micronaut-jpa, Startup time, 5.59
micronaut-jpa, Memory Usage (Startup), 258.9
micronaut-jpa, Startup time, 5.25
micronaut-jpa, Memory Usage (Startup), 276
micronaut-jpa, Startup time, 5.50
micronaut-jpa, Memory Usage (Startup), 276.3
micronaut-jpa, Startup time, 5.10
micronaut-jpa, Memory Usage (Startup), 271
micronaut-jpa, Startup time, 5.66
micronaut-jpa, Memory Usage (Startup), 261.7
micronaut-jpa, Startup time, 5.55
micronaut-jpa, Memory Usage (Startup), 253.4
micronaut-jpa, Startup time, 5.24
micronaut-jpa, Memory Usage (Startup), 249.9
micronaut-jpa, Startup time, 5.50
micronaut-jpa, Memory Usage (Startup), 245.9
micronaut-jpa, Startup time, 5.20
micronaut-jpa, Memory Usage (Startup), 248.6
micronaut-jpa, Startup time, 5.53
micronaut-jpa, Memory Usage (Startup), 270
micronaut-jpa, Startup time, 5.68
micronaut-jpa, Memory Usage (Startup), 274.1
micronaut-jpa, Startup time, 5.34
micronaut-jpa, Memory Usage (Startup), 256.6
micronaut-jpa, Startup time, 5.25
micronaut-jpa, Memory Usage (Startup), 271.9
micronaut-jpa, Startup time, 5.56
micronaut-jpa, Memory Usage (Startup), 260.7
micronaut-jpa, Startup time, 5.58
micronaut-jpa, Memory Usage (Startup), 266.1
micronaut-jpa, Startup time, 5.52
micronaut-jpa, Memory Usage (Startup), 264.4
micronaut-jpa, Startup time, 5.52
micronaut-jpa, Memory Usage (Startup), 258.8
micronaut-jpa, Startup time, 5.45
micronaut-jpa, Memory Usage (Startup), 269.7
micronaut-jpa, Startup time, 5.54
micronaut-jpa, Memory Usage (Startup), 256.4
micronaut-jpa, Startup time, 5.24
micronaut-jpa, Memory Usage (Startup), 251.9
micronaut-jpa, Startup time, 5.50
micronaut-jpa, Memory Usage (Startup), 270.7
micronaut-jpa, Startup time, 5.29
micronaut-jpa, Memory Usage (Startup), 260.5
micronaut-jpa, Startup time, 5.19
micronaut-jpa, Memory Usage (Startup), 246.9
micronaut-jpa, Startup time, 5.22
micronaut-jpa, Memory Usage (Startup), 260.6
micronaut-jpa, Memory Usage (Load), 853.5
micronaut-jpa, Load Time, 20.54
micronaut-jpa, Memory Usage (Load), 943.6
micronaut-jpa, Load Time, 23.53
micronaut-jpa, Memory Usage (Load), 823.7
micronaut-jpa, Load Time, 19.60
micronaut-jpa, Memory Usage (Load), 936.6
micronaut-jpa, Load Time, 20.64
micronaut-jpa, Memory Usage (Load), 775.1
micronaut-jpa, Load Time, 19.77
micronaut-jpa, Memory Usage (Load), 773.4
micronaut-jpa, Load Time, 20.21
micronaut-jpa, Memory Usage (Load), 818.4
micronaut-jpa, Load Time, 18.86
micronaut-jpa, Memory Usage (Load), 808.7
micronaut-jpa, Load Time, 21.24
micronaut-jpa, Memory Usage (Load), 786.4
micronaut-jpa, Load Time, 19.54
micronaut-jpa, Memory Usage (Load), 812.6
micronaut-jpa, Load Time, 18.30
micronaut-jpa, Memory Usage (Load), 781.1
micronaut-jpa, Load Time, 19.09
micronaut-jpa, Memory Usage (Load), 814.6
micronaut-jpa, Load Time, 17.82
micronaut-jpa, Memory Usage (Load), 899.5
micronaut-jpa, Load Time, 20.39
micronaut-jpa, Memory Usage (Load), 845.1
micronaut-jpa, Load Time, 19.29
micronaut-jpa, Memory Usage (Load), 1.002
micronaut-jpa, Load Time, 22.03
micronaut-jpa, Memory Usage (Load), 983.8
micronaut-jpa, Load Time, 17.67
micronaut-jpa, Memory Usage (Load), 818.9
micronaut-jpa, Load Time, 17.33
micronaut-jpa, Memory Usage (Load), 773
micronaut-jpa, Load Time, 18.82
micronaut-jpa, Memory Usage (Load), 859.2
micronaut-jpa, Load Time, 19.32
micronaut-jpa, Memory Usage (Load), 912.4
micronaut-jpa, Load Time, 19.88
micronaut-jpa, Memory Usage (Load), 926.2
micronaut-jpa, Load Time, 24.45
micronaut-jpa, Memory Usage (Load), 829.7
micronaut-jpa, Load Time, 17.42
micronaut-jpa, Memory Usage (Load), 795
micronaut-jpa, Load Time, 20.95
micronaut-jpa, Memory Usage (Load), 837.7
micronaut-jpa, Load Time, 20.50
micronaut-jpa, Memory Usage (Load), 856.2
micronaut-jpa, Load Time, 21.87
micronaut-jpa, Memory Usage (Load), 899.3
micronaut-jpa, Load Time, 18.04
micronaut-jpa, Memory Usage (Load), 912.8
micronaut-jpa, Load Time, 21.17
micronaut-jpa, Memory Usage (Load), 915.2
micronaut-jpa, Load Time, 20.13
micronaut-jpa, Memory Usage (Load), 858.1
micronaut-jpa, Load Time, 17.70
micronaut-jpa, Memory Usage (Load), 892.6
micronaut-jpa, Load Time, 22.72
micronaut-jdbc-graal, Compile time, 249.33
micronaut-jdbc-graal, Compile time, 237.69
micronaut-jdbc-graal, Compile time, 238.62
micronaut-jdbc-graal, Compile time, 237.14
micronaut-jdbc-graal, Compile time, 242.36
micronaut-jdbc-graal, Compile time, 239.21
micronaut-jdbc-graal, Compile time, 239.73
micronaut-jdbc-graal, Compile time, 243.50
micronaut-jdbc-graal, Compile time, 239.37
micronaut-jdbc-graal, Compile time, 244.30
micronaut-jdbc-graal, Compile time, 235.11
micronaut-jdbc-graal, Compile time, 238.34
micronaut-jdbc-graal, Compile time, 246.51
micronaut-jdbc-graal, Compile time, 237.06
micronaut-jdbc-graal, Compile time, 251.36
micronaut-jdbc-graal, Compile time, 239.23
micronaut-jdbc-graal, Compile time, 241.99
micronaut-jdbc-graal, Compile time, 237.28
micronaut-jdbc-graal, Compile time, 241.69
micronaut-jdbc-graal, Compile time, 242.63
micronaut-jdbc-graal, Compile time, 237.96
micronaut-jdbc-graal, Compile time, 238.15
micronaut-jdbc-graal, Compile time, 237.53
micronaut-jdbc-graal, Compile time, 239.60
micronaut-jdbc-graal, Compile time, 234.34
micronaut-jdbc-graal, Compile time, 233.90
micronaut-jdbc-graal, Compile time, 243.56
micronaut-jdbc-graal, Compile time, 244.83
micronaut-jdbc-graal, Compile time, 240.08
micronaut-jdbc-graal, Compile time, 242.73
micronaut-jdbc-graal, Startup time, 1.56
micronaut-jdbc-graal, Memory Usage (Startup), 15.95
micronaut-jdbc-graal, Startup time, 1.52
micronaut-jdbc-graal, Memory Usage (Startup), 15.71
micronaut-jdbc-graal, Startup time, 1.55
micronaut-jdbc-graal, Memory Usage (Startup), 15.84
micronaut-jdbc-graal, Startup time, 1.55
micronaut-jdbc-graal, Memory Usage (Startup), 15.88
micronaut-jdbc-graal, Startup time, 1.55
micronaut-jdbc-graal, Memory Usage (Startup), 15.92
micronaut-jdbc-graal, Startup time, 1.51
micronaut-jdbc-graal, Memory Usage (Startup), 15.88
micronaut-jdbc-graal, Startup time, 1.53
micronaut-jdbc-graal, Memory Usage (Startup), 15.9
micronaut-jdbc-graal, Startup time, 1.51
micronaut-jdbc-graal, Memory Usage (Startup), 16.02
micronaut-jdbc-graal, Startup time, 1.54
micronaut-jdbc-graal, Memory Usage (Startup), 15.94
micronaut-jdbc-graal, Startup time, 1.51
micronaut-jdbc-graal, Memory Usage (Startup), 15.94
micronaut-jdbc-graal, Startup time, 1.56
micronaut-jdbc-graal, Memory Usage (Startup), 15.89
micronaut-jdbc-graal, Startup time, 1.51
micronaut-jdbc-graal, Memory Usage (Startup), 15.91
micronaut-jdbc-graal, Startup time, 1.50
micronaut-jdbc-graal, Memory Usage (Startup), 15.73
micronaut-jdbc-graal, Startup time, 1.53
micronaut-jdbc-graal, Memory Usage (Startup), 15.92
micronaut-jdbc-graal, Startup time, 1.52
micronaut-jdbc-graal, Memory Usage (Startup), 15.94
micronaut-jdbc-graal, Startup time, 1.53
micronaut-jdbc-graal, Memory Usage (Startup), 15.82
micronaut-jdbc-graal, Startup time, 1.61
micronaut-jdbc-graal, Memory Usage (Startup), 15.95
micronaut-jdbc-graal, Startup time, 1.52
micronaut-jdbc-graal, Memory Usage (Startup), 15.78
micronaut-jdbc-graal, Startup time, 1.54
micronaut-jdbc-graal, Memory Usage (Startup), 15.84
micronaut-jdbc-graal, Startup time, 1.53
micronaut-jdbc-graal, Memory Usage (Startup), 15.84
micronaut-jdbc-graal, Startup time, 1.59
micronaut-jdbc-graal, Memory Usage (Startup), 15.88
micronaut-jdbc-graal, Startup time, 1.53
micronaut-jdbc-graal, Memory Usage (Startup), 15.9
micronaut-jdbc-graal, Startup time, 1.53
micronaut-jdbc-graal, Memory Usage (Startup), 16
micronaut-jdbc-graal, Startup time, 1.54
micronaut-jdbc-graal, Memory Usage (Startup), 15.93
micronaut-jdbc-graal, Startup time, 1.51
micronaut-jdbc-graal, Memory Usage (Startup), 15.9
micronaut-jdbc-graal, Startup time, 1.52
micronaut-jdbc-graal, Memory Usage (Startup), 15.79
micronaut-jdbc-graal, Startup time, 1.56
micronaut-jdbc-graal, Memory Usage (Startup), 16.02
micronaut-jdbc-graal, Startup time, 1.52
micronaut-jdbc-graal, Memory Usage (Startup), 15.85
micronaut-jdbc-graal, Startup time, 1.52
micronaut-jdbc-graal, Memory Usage (Startup), 15.93
micronaut-jdbc-graal, Startup time, 1.55
micronaut-jdbc-graal, Memory Usage (Startup), 15.8
micronaut-jdbc-graal, Memory Usage (Load), 353
micronaut-jdbc-graal, Load Time, 10.88
micronaut-jdbc-graal, Memory Usage (Load), 358.6
micronaut-jdbc-graal, Load Time, 11.16
micronaut-jdbc-graal, Memory Usage (Load), 365.6
micronaut-jdbc-graal, Load Time, 11.38
micronaut-jdbc-graal, Memory Usage (Load), 364.7
micronaut-jdbc-graal, Load Time, 11.55
micronaut-jdbc-graal, Memory Usage (Load), 383.6
micronaut-jdbc-graal, Load Time, 12.12
micronaut-jdbc-graal, Memory Usage (Load), 357.2
micronaut-jdbc-graal, Load Time, 10.98
micronaut-jdbc-graal, Memory Usage (Load), 390.2
micronaut-jdbc-graal, Load Time, 12.22
micronaut-jdbc-graal, Memory Usage (Load), 362.2
micronaut-jdbc-graal, Load Time, 11.33
micronaut-jdbc-graal, Memory Usage (Load), 350.5
micronaut-jdbc-graal, Load Time, 11.03
micronaut-jdbc-graal, Memory Usage (Load), 376.6
micronaut-jdbc-graal, Load Time, 11.68
micronaut-jdbc-graal, Memory Usage (Load), 363.1
micronaut-jdbc-graal, Load Time, 11.33
micronaut-jdbc-graal, Memory Usage (Load), 417.3
micronaut-jdbc-graal, Load Time, 13.10
micronaut-jdbc-graal, Memory Usage (Load), 360.8
micronaut-jdbc-graal, Load Time, 11.79
micronaut-jdbc-graal, Memory Usage (Load), 380.1
micronaut-jdbc-graal, Load Time, 12.91
micronaut-jdbc-graal, Memory Usage (Load), 350.8
micronaut-jdbc-graal, Load Time, 11.07
micronaut-jdbc-graal, Memory Usage (Load), 345.3
micronaut-jdbc-graal, Load Time, 10.63
micronaut-jdbc-graal, Memory Usage (Load), 366.3
micronaut-jdbc-graal, Load Time, 11.63
micronaut-jdbc-graal, Memory Usage (Load), 371.7
micronaut-jdbc-graal, Load Time, 11.28
micronaut-jdbc-graal, Memory Usage (Load), 355.4
micronaut-jdbc-graal, Load Time, 11.47
micronaut-jdbc-graal, Memory Usage (Load), 359.1
micronaut-jdbc-graal, Load Time, 10.86
micronaut-jdbc-graal, Memory Usage (Load), 351.2
micronaut-jdbc-graal, Load Time, 11.60
micronaut-jdbc-graal, Memory Usage (Load), 367.1
micronaut-jdbc-graal, Load Time, 11.88
micronaut-jdbc-graal, Memory Usage (Load), 383.9
micronaut-jdbc-graal, Load Time, 12.09
micronaut-jdbc-graal, Memory Usage (Load), 366.9
micronaut-jdbc-graal, Load Time, 11.63
micronaut-jdbc-graal, Memory Usage (Load), 364.8
micronaut-jdbc-graal, Load Time, 11.83
micronaut-jdbc-graal, Memory Usage (Load), 358.1
micronaut-jdbc-graal, Load Time, 11.32
micronaut-jdbc-graal, Memory Usage (Load), 361.4
micronaut-jdbc-graal, Load Time, 11.18
micronaut-jdbc-graal, Memory Usage (Load), 366.8
micronaut-jdbc-graal, Load Time, 12.00
micronaut-jdbc-graal, Memory Usage (Load), 372.1
micronaut-jdbc-graal, Load Time, 11.98
micronaut-jdbc-graal, Memory Usage (Load), 384.1
micronaut-jdbc-graal, Load Time, 11.90
micronaut-jpa-graal, Compile time, 372.80
micronaut-jpa-graal, Compile time, 368.30
micronaut-jpa-graal, Compile time, 376.12
micronaut-jpa-graal, Compile time, 371.56
micronaut-jpa-graal, Compile time, 363.65
micronaut-jpa-graal, Compile time, 368.79
micronaut-jpa-graal, Compile time, 367.68
micronaut-jpa-graal, Compile time, 369.89
micronaut-jpa-graal, Compile time, 361.92
micronaut-jpa-graal, Compile time, 366.35
micronaut-jpa-graal, Compile time, 368.60
micronaut-jpa-graal, Compile time, 365.99
micronaut-jpa-graal, Compile time, 373.31
micronaut-jpa-graal, Compile time, 367.38
micronaut-jpa-graal, Compile time, 368.59
micronaut-jpa-graal, Compile time, 377.74
micronaut-jpa-graal, Compile time, 362.95
micronaut-jpa-graal, Compile time, 371.28
micronaut-jpa-graal, Compile time, 368.57
micronaut-jpa-graal, Compile time, 364.83
micronaut-jpa-graal, Compile time, 366.80
micronaut-jpa-graal, Compile time, 372.51
micronaut-jpa-graal, Compile time, 370.10
micronaut-jpa-graal, Compile time, 368.99
micronaut-jpa-graal, Compile time, 372.85
micronaut-jpa-graal, Compile time, 364.33
micronaut-jpa-graal, Compile time, 363.43
micronaut-jpa-graal, Compile time, 366.46
micronaut-jpa-graal, Compile time, 361.23
micronaut-jpa-graal, Compile time, 372.02
micronaut-jpa-graal, Startup time, 2.40
micronaut-jpa-graal, Memory Usage (Startup), 27.77
micronaut-jpa-graal, Startup time, 1.46
micronaut-jpa-graal, Memory Usage (Startup), 27.69
micronaut-jpa-graal, Startup time, 1.49
micronaut-jpa-graal, Memory Usage (Startup), 27.8
micronaut-jpa-graal, Startup time, 1.56
micronaut-jpa-graal, Memory Usage (Startup), 27.79
micronaut-jpa-graal, Startup time, 1.48
micronaut-jpa-graal, Memory Usage (Startup), 27.78
micronaut-jpa-graal, Startup time, 1.49
micronaut-jpa-graal, Memory Usage (Startup), 27.78
micronaut-jpa-graal, Startup time, 1.53
micronaut-jpa-graal, Memory Usage (Startup), 27.77
micronaut-jpa-graal, Startup time, 1.51
micronaut-jpa-graal, Memory Usage (Startup), 27.73
micronaut-jpa-graal, Startup time, 1.51
micronaut-jpa-graal, Memory Usage (Startup), 27.66
micronaut-jpa-graal, Startup time, 1.49
micronaut-jpa-graal, Memory Usage (Startup), 27.82
micronaut-jpa-graal, Startup time, 1.48
micronaut-jpa-graal, Memory Usage (Startup), 27.79
micronaut-jpa-graal, Startup time, 1.48
micronaut-jpa-graal, Memory Usage (Startup), 27.8
micronaut-jpa-graal, Startup time, 1.48
micronaut-jpa-graal, Memory Usage (Startup), 27.77
micronaut-jpa-graal, Startup time, 1.50
micronaut-jpa-graal, Memory Usage (Startup), 27.84
micronaut-jpa-graal, Startup time, 1.46
micronaut-jpa-graal, Memory Usage (Startup), 27.63
micronaut-jpa-graal, Startup time, 1.61
micronaut-jpa-graal, Memory Usage (Startup), 27.8
micronaut-jpa-graal, Startup time, 1.49
micronaut-jpa-graal, Memory Usage (Startup), 27.8
micronaut-jpa-graal, Startup time, 1.50
micronaut-jpa-graal, Memory Usage (Startup), 27.66
micronaut-jpa-graal, Startup time, 1.47
micronaut-jpa-graal, Memory Usage (Startup), 27.74
micronaut-jpa-graal, Startup time, 1.50
micronaut-jpa-graal, Memory Usage (Startup), 27.79
micronaut-jpa-graal, Startup time, 1.52
micronaut-jpa-graal, Memory Usage (Startup), 27.8
micronaut-jpa-graal, Startup time, 1.53
micronaut-jpa-graal, Memory Usage (Startup), 27.66
micronaut-jpa-graal, Startup time, 1.50
micronaut-jpa-graal, Memory Usage (Startup), 27.72
micronaut-jpa-graal, Startup time, 1.49
micronaut-jpa-graal, Memory Usage (Startup), 27.79
micronaut-jpa-graal, Startup time, 1.58
micronaut-jpa-graal, Memory Usage (Startup), 27.78
micronaut-jpa-graal, Startup time, 1.50
micronaut-jpa-graal, Memory Usage (Startup), 27.82
micronaut-jpa-graal, Startup time, 1.49
micronaut-jpa-graal, Memory Usage (Startup), 27.74
micronaut-jpa-graal, Startup time, 1.52
micronaut-jpa-graal, Memory Usage (Startup), 27.62
micronaut-jpa-graal, Startup time, 1.49
micronaut-jpa-graal, Memory Usage (Startup), 27.68
micronaut-jpa-graal, Startup time, 1.47
micronaut-jpa-graal, Memory Usage (Startup), 27.81
micronaut-jpa-graal, Memory Usage (Load), 456.1
micronaut-jpa-graal, Load Time, 15.47
micronaut-jpa-graal, Memory Usage (Load), 421.6
micronaut-jpa-graal, Load Time, 14.32
micronaut-jpa-graal, Memory Usage (Load), 433.5
micronaut-jpa-graal, Load Time, 13.72
micronaut-jpa-graal, Memory Usage (Load), 406.2
micronaut-jpa-graal, Load Time, 13.59
micronaut-jpa-graal, Memory Usage (Load), 406.3
micronaut-jpa-graal, Load Time, 13.18
micronaut-jpa-graal, Memory Usage (Load), 453
micronaut-jpa-graal, Load Time, 14.32
micronaut-jpa-graal, Memory Usage (Load), 438
micronaut-jpa-graal, Load Time, 14.26
micronaut-jpa-graal, Memory Usage (Load), 415.6
micronaut-jpa-graal, Load Time, 13.54
micronaut-jpa-graal, Memory Usage (Load), 439.7
micronaut-jpa-graal, Load Time, 14.27
micronaut-jpa-graal, Memory Usage (Load), 452.7
micronaut-jpa-graal, Load Time, 13.80
micronaut-jpa-graal, Memory Usage (Load), 450.4
micronaut-jpa-graal, Load Time, 14.97
micronaut-jpa-graal, Memory Usage (Load), 434.7
micronaut-jpa-graal, Load Time, 14.62
micronaut-jpa-graal, Memory Usage (Load), 428.2
micronaut-jpa-graal, Load Time, 13.43
micronaut-jpa-graal, Memory Usage (Load), 426.1
micronaut-jpa-graal, Load Time, 14.21
micronaut-jpa-graal, Memory Usage (Load), 435.6
micronaut-jpa-graal, Load Time, 14.33
micronaut-jpa-graal, Memory Usage (Load), 446.5
micronaut-jpa-graal, Load Time, 14.67
micronaut-jpa-graal, Memory Usage (Load), 437.9
micronaut-jpa-graal, Load Time, 14.81
micronaut-jpa-graal, Memory Usage (Load), 421.4
micronaut-jpa-graal, Load Time, 14.33
micronaut-jpa-graal, Memory Usage (Load), 452.8
micronaut-jpa-graal, Load Time, 14.90
micronaut-jpa-graal, Memory Usage (Load), 435.2
micronaut-jpa-graal, Load Time, 13.77
micronaut-jpa-graal, Memory Usage (Load), 429.9
micronaut-jpa-graal, Load Time, 14.48
micronaut-jpa-graal, Memory Usage (Load), 424.6
micronaut-jpa-graal, Load Time, 13.57
micronaut-jpa-graal, Memory Usage (Load), 406.4
micronaut-jpa-graal, Load Time, 13.59
micronaut-jpa-graal, Memory Usage (Load), 429.9
micronaut-jpa-graal, Load Time, 15.01
micronaut-jpa-graal, Memory Usage (Load), 426.7
micronaut-jpa-graal, Load Time, 13.93
micronaut-jpa-graal, Memory Usage (Load), 426.9
micronaut-jpa-graal, Load Time, 13.67
micronaut-jpa-graal, Memory Usage (Load), 424.8
micronaut-jpa-graal, Load Time, 13.90
micronaut-jpa-graal, Memory Usage (Load), 441.5
micronaut-jpa-graal, Load Time, 15.00
micronaut-jpa-graal, Memory Usage (Load), 451.1
micronaut-jpa-graal, Load Time, 14.23
micronaut-jpa-graal, Memory Usage (Load), 494.8
micronaut-jpa-graal, Load Time, 17.16
micronaut-jdbc-fixed-thread-pool, Compile time, 9.82
micronaut-jdbc-fixed-thread-pool, Compile time, 9.88
micronaut-jdbc-fixed-thread-pool, Compile time, 9.66
micronaut-jdbc-fixed-thread-pool, Compile time, 9.53
micronaut-jdbc-fixed-thread-pool, Compile time, 9.59
micronaut-jdbc-fixed-thread-pool, Compile time, 9.61
micronaut-jdbc-fixed-thread-pool, Compile time, 9.71
micronaut-jdbc-fixed-thread-pool, Compile time, 9.61
micronaut-jdbc-fixed-thread-pool, Compile time, 9.78
micronaut-jdbc-fixed-thread-pool, Compile time, 9.62
micronaut-jdbc-fixed-thread-pool, Compile time, 9.67
micronaut-jdbc-fixed-thread-pool, Compile time, 9.67
micronaut-jdbc-fixed-thread-pool, Compile time, 9.63
micronaut-jdbc-fixed-thread-pool, Compile time, 9.65
micronaut-jdbc-fixed-thread-pool, Compile time, 9.65
micronaut-jdbc-fixed-thread-pool, Compile time, 9.61
micronaut-jdbc-fixed-thread-pool, Compile time, 9.66
micronaut-jdbc-fixed-thread-pool, Compile time, 9.60
micronaut-jdbc-fixed-thread-pool, Compile time, 9.49
micronaut-jdbc-fixed-thread-pool, Compile time, 10.17
micronaut-jdbc-fixed-thread-pool, Compile time, 10.16
micronaut-jdbc-fixed-thread-pool, Compile time, 9.58
micronaut-jdbc-fixed-thread-pool, Compile time, 9.76
micronaut-jdbc-fixed-thread-pool, Compile time, 10.01
micronaut-jdbc-fixed-thread-pool, Compile time, 9.59
micronaut-jdbc-fixed-thread-pool, Compile time, 9.55
micronaut-jdbc-fixed-thread-pool, Compile time, 9.83
micronaut-jdbc-fixed-thread-pool, Compile time, 9.72
micronaut-jdbc-fixed-thread-pool, Compile time, 9.55
micronaut-jdbc-fixed-thread-pool, Compile time, 9.37
micronaut-jdbc-fixed-thread-pool, Startup time, 6.47
micronaut-jdbc-fixed-thread-pool, Memory Usage (Startup), 171.6
micronaut-jdbc-fixed-thread-pool, Startup time, 4.24
micronaut-jdbc-fixed-thread-pool, Memory Usage (Startup), 181.7
micronaut-jdbc-fixed-thread-pool, Startup time, 4.26
micronaut-jdbc-fixed-thread-pool, Memory Usage (Startup), 180
micronaut-jdbc-fixed-thread-pool, Startup time, 4.22
micronaut-jdbc-fixed-thread-pool, Memory Usage (Startup), 180.7
micronaut-jdbc-fixed-thread-pool, Startup time, 4.22
micronaut-jdbc-fixed-thread-pool, Memory Usage (Startup), 178.8
micronaut-jdbc-fixed-thread-pool, Startup time, 4.23
micronaut-jdbc-fixed-thread-pool, Memory Usage (Startup), 179.7
micronaut-jdbc-fixed-thread-pool, Startup time, 4.25
micronaut-jdbc-fixed-thread-pool, Memory Usage (Startup), 175.9
micronaut-jdbc-fixed-thread-pool, Startup time, 4.29
micronaut-jdbc-fixed-thread-pool, Memory Usage (Startup), 186.1
micronaut-jdbc-fixed-thread-pool, Startup time, 4.24
micronaut-jdbc-fixed-thread-pool, Memory Usage (Startup), 186.1
micronaut-jdbc-fixed-thread-pool, Startup time, 4.29
micronaut-jdbc-fixed-thread-pool, Memory Usage (Startup), 180.6
micronaut-jdbc-fixed-thread-pool, Startup time, 4.17
micronaut-jdbc-fixed-thread-pool, Memory Usage (Startup), 181
micronaut-jdbc-fixed-thread-pool, Startup time, 4.32
micronaut-jdbc-fixed-thread-pool, Memory Usage (Startup), 175.6
micronaut-jdbc-fixed-thread-pool, Startup time, 4.17
micronaut-jdbc-fixed-thread-pool, Memory Usage (Startup), 184.7
micronaut-jdbc-fixed-thread-pool, Startup time, 4.23
micronaut-jdbc-fixed-thread-pool, Memory Usage (Startup), 181.6
micronaut-jdbc-fixed-thread-pool, Startup time, 4.27
micronaut-jdbc-fixed-thread-pool, Memory Usage (Startup), 186.1
micronaut-jdbc-fixed-thread-pool, Startup time, 4.23
micronaut-jdbc-fixed-thread-pool, Memory Usage (Startup), 187.1
micronaut-jdbc-fixed-thread-pool, Startup time, 4.23
micronaut-jdbc-fixed-thread-pool, Memory Usage (Startup), 182.4
micronaut-jdbc-fixed-thread-pool, Startup time, 4.27
micronaut-jdbc-fixed-thread-pool, Memory Usage (Startup), 178.7
micronaut-jdbc-fixed-thread-pool, Startup time, 4.21
micronaut-jdbc-fixed-thread-pool, Memory Usage (Startup), 182
micronaut-jdbc-fixed-thread-pool, Startup time, 4.24
micronaut-jdbc-fixed-thread-pool, Memory Usage (Startup), 183
micronaut-jdbc-fixed-thread-pool, Startup time, 4.27
micronaut-jdbc-fixed-thread-pool, Memory Usage (Startup), 186.7
micronaut-jdbc-fixed-thread-pool, Startup time, 4.23
micronaut-jdbc-fixed-thread-pool, Memory Usage (Startup), 182.4
micronaut-jdbc-fixed-thread-pool, Startup time, 4.17
micronaut-jdbc-fixed-thread-pool, Memory Usage (Startup), 180.1
micronaut-jdbc-fixed-thread-pool, Startup time, 4.26
micronaut-jdbc-fixed-thread-pool, Memory Usage (Startup), 178.8
micronaut-jdbc-fixed-thread-pool, Startup time, 4.22
micronaut-jdbc-fixed-thread-pool, Memory Usage (Startup), 179.2
micronaut-jdbc-fixed-thread-pool, Startup time, 4.22
micronaut-jdbc-fixed-thread-pool, Memory Usage (Startup), 176
micronaut-jdbc-fixed-thread-pool, Startup time, 4.25
micronaut-jdbc-fixed-thread-pool, Memory Usage (Startup), 180.9
micronaut-jdbc-fixed-thread-pool, Startup time, 4.29
micronaut-jdbc-fixed-thread-pool, Memory Usage (Startup), 184.5
micronaut-jdbc-fixed-thread-pool, Startup time, 4.29
micronaut-jdbc-fixed-thread-pool, Memory Usage (Startup), 179.1
micronaut-jdbc-fixed-thread-pool, Startup time, 4.24
micronaut-jdbc-fixed-thread-pool, Memory Usage (Startup), 193.4
micronaut-jdbc-fixed-thread-pool, Memory Usage (Load), 805.5
micronaut-jdbc-fixed-thread-pool, Load Time, 14.01
micronaut-jdbc-fixed-thread-pool, Memory Usage (Load), 866.8
micronaut-jdbc-fixed-thread-pool, Load Time, 15.41
micronaut-jdbc-fixed-thread-pool, Memory Usage (Load), 728.5
micronaut-jdbc-fixed-thread-pool, Load Time, 14.38
micronaut-jdbc-fixed-thread-pool, Memory Usage (Load), 857.9
micronaut-jdbc-fixed-thread-pool, Load Time, 15.02
micronaut-jdbc-fixed-thread-pool, Memory Usage (Load), 737.4
micronaut-jdbc-fixed-thread-pool, Load Time, 14.87
micronaut-jdbc-fixed-thread-pool, Memory Usage (Load), 776.6
micronaut-jdbc-fixed-thread-pool, Load Time, 14.43
micronaut-jdbc-fixed-thread-pool, Memory Usage (Load), 727.8
micronaut-jdbc-fixed-thread-pool, Load Time, 14.96
micronaut-jdbc-fixed-thread-pool, Memory Usage (Load), 736.7
micronaut-jdbc-fixed-thread-pool, Load Time, 15.76
micronaut-jdbc-fixed-thread-pool, Memory Usage (Load), 682
micronaut-jdbc-fixed-thread-pool, Load Time, 14.35
micronaut-jdbc-fixed-thread-pool, Memory Usage (Load), 716.5
micronaut-jdbc-fixed-thread-pool, Load Time, 15.09
micronaut-jdbc-fixed-thread-pool, Memory Usage (Load), 679.1
micronaut-jdbc-fixed-thread-pool, Load Time, 14.24
micronaut-jdbc-fixed-thread-pool, Memory Usage (Load), 740.7
micronaut-jdbc-fixed-thread-pool, Load Time, 14.79
micronaut-jdbc-fixed-thread-pool, Memory Usage (Load), 787.7
micronaut-jdbc-fixed-thread-pool, Load Time, 16.09
micronaut-jdbc-fixed-thread-pool, Memory Usage (Load), 735.8
micronaut-jdbc-fixed-thread-pool, Load Time, 14.73
micronaut-jdbc-fixed-thread-pool, Memory Usage (Load), 785.4
micronaut-jdbc-fixed-thread-pool, Load Time, 14.13
micronaut-jdbc-fixed-thread-pool, Memory Usage (Load), 699.7
micronaut-jdbc-fixed-thread-pool, Load Time, 14.17
micronaut-jdbc-fixed-thread-pool, Memory Usage (Load), 837.6
micronaut-jdbc-fixed-thread-pool, Load Time, 18.29
micronaut-jdbc-fixed-thread-pool, Memory Usage (Load), 809.8
micronaut-jdbc-fixed-thread-pool, Load Time, 15.90
micronaut-jdbc-fixed-thread-pool, Memory Usage (Load), 765.6
micronaut-jdbc-fixed-thread-pool, Load Time, 14.72
micronaut-jdbc-fixed-thread-pool, Memory Usage (Load), 786.4
micronaut-jdbc-fixed-thread-pool, Load Time, 15.10
micronaut-jdbc-fixed-thread-pool, Memory Usage (Load), 756.5
micronaut-jdbc-fixed-thread-pool, Load Time, 14.40
micronaut-jdbc-fixed-thread-pool, Memory Usage (Load), 754.7
micronaut-jdbc-fixed-thread-pool, Load Time, 14.32
micronaut-jdbc-fixed-thread-pool, Memory Usage (Load), 703.1
micronaut-jdbc-fixed-thread-pool, Load Time, 14.40
micronaut-jdbc-fixed-thread-pool, Memory Usage (Load), 740.8
micronaut-jdbc-fixed-thread-pool, Load Time, 14.82
micronaut-jdbc-fixed-thread-pool, Memory Usage (Load), 761.4
micronaut-jdbc-fixed-thread-pool, Load Time, 14.31
micronaut-jdbc-fixed-thread-pool, Memory Usage (Load), 795.6
micronaut-jdbc-fixed-thread-pool, Load Time, 15.04
micronaut-jdbc-fixed-thread-pool, Memory Usage (Load), 729.8
micronaut-jdbc-fixed-thread-pool, Load Time, 14.92
micronaut-jdbc-fixed-thread-pool, Memory Usage (Load), 851.7
micronaut-jdbc-fixed-thread-pool, Load Time, 15.38
micronaut-jdbc-fixed-thread-pool, Memory Usage (Load), 731.6
micronaut-jdbc-fixed-thread-pool, Load Time, 14.32
micronaut-jdbc-fixed-thread-pool, Memory Usage (Load), 729.4
micronaut-jdbc-fixed-thread-pool, Load Time, 14.70
micronaut-jdbc-fixed-thread-pool-graal, Compile time, 248.16
micronaut-jdbc-fixed-thread-pool-graal, Compile time, 252.56
micronaut-jdbc-fixed-thread-pool-graal, Compile time, 251.54
micronaut-jdbc-fixed-thread-pool-graal, Compile time, 245.72
micronaut-jdbc-fixed-thread-pool-graal, Compile time, 239.60
micronaut-jdbc-fixed-thread-pool-graal, Compile time, 244.10
micronaut-jdbc-fixed-thread-pool-graal, Compile time, 244.66
micronaut-jdbc-fixed-thread-pool-graal, Compile time, 236.82
micronaut-jdbc-fixed-thread-pool-graal, Compile time, 243.21
micronaut-jdbc-fixed-thread-pool-graal, Compile time, 243.44
micronaut-jdbc-fixed-thread-pool-graal, Compile time, 243.43
micronaut-jdbc-fixed-thread-pool-graal, Compile time, 243.33
micronaut-jdbc-fixed-thread-pool-graal, Compile time, 238.68
micronaut-jdbc-fixed-thread-pool-graal, Compile time, 245.34
micronaut-jdbc-fixed-thread-pool-graal, Compile time, 239.91
micronaut-jdbc-fixed-thread-pool-graal, Compile time, 249.20
micronaut-jdbc-fixed-thread-pool-graal, Compile time, 244.43
micronaut-jdbc-fixed-thread-pool-graal, Compile time, 246.46
micronaut-jdbc-fixed-thread-pool-graal, Compile time, 238.54
micronaut-jdbc-fixed-thread-pool-graal, Compile time, 237.26
micronaut-jdbc-fixed-thread-pool-graal, Compile time, 245.78
micronaut-jdbc-fixed-thread-pool-graal, Compile time, 247.21
micronaut-jdbc-fixed-thread-pool-graal, Compile time, 247.52
micronaut-jdbc-fixed-thread-pool-graal, Compile time, 244.37
micronaut-jdbc-fixed-thread-pool-graal, Compile time, 244.45
micronaut-jdbc-fixed-thread-pool-graal, Compile time, 240.99
micronaut-jdbc-fixed-thread-pool-graal, Compile time, 243.43
micronaut-jdbc-fixed-thread-pool-graal, Compile time, 240.69
micronaut-jdbc-fixed-thread-pool-graal, Compile time, 239.27
micronaut-jdbc-fixed-thread-pool-graal, Compile time, 248.91
micronaut-jdbc-fixed-thread-pool-graal, Startup time, 1.53
micronaut-jdbc-fixed-thread-pool-graal, Memory Usage (Startup), 16.46
micronaut-jdbc-fixed-thread-pool-graal, Startup time, 1.52
micronaut-jdbc-fixed-thread-pool-graal, Memory Usage (Startup), 16.36
micronaut-jdbc-fixed-thread-pool-graal, Startup time, 1.55
micronaut-jdbc-fixed-thread-pool-graal, Memory Usage (Startup), 16.35
micronaut-jdbc-fixed-thread-pool-graal, Startup time, 1.52
micronaut-jdbc-fixed-thread-pool-graal, Memory Usage (Startup), 16.45
micronaut-jdbc-fixed-thread-pool-graal, Startup time, 1.53
micronaut-jdbc-fixed-thread-pool-graal, Memory Usage (Startup), 16.5
micronaut-jdbc-fixed-thread-pool-graal, Startup time, 1.50
micronaut-jdbc-fixed-thread-pool-graal, Memory Usage (Startup), 16.53
micronaut-jdbc-fixed-thread-pool-graal, Startup time, 1.54
micronaut-jdbc-fixed-thread-pool-graal, Memory Usage (Startup), 16.43
micronaut-jdbc-fixed-thread-pool-graal, Startup time, 1.52
micronaut-jdbc-fixed-thread-pool-graal, Memory Usage (Startup), 16.48
micronaut-jdbc-fixed-thread-pool-graal, Startup time, 1.53
micronaut-jdbc-fixed-thread-pool-graal, Memory Usage (Startup), 16.46
micronaut-jdbc-fixed-thread-pool-graal, Startup time, 1.53
micronaut-jdbc-fixed-thread-pool-graal, Memory Usage (Startup), 16.52
micronaut-jdbc-fixed-thread-pool-graal, Startup time, 1.54
micronaut-jdbc-fixed-thread-pool-graal, Memory Usage (Startup), 16.45
micronaut-jdbc-fixed-thread-pool-graal, Startup time, 1.55
micronaut-jdbc-fixed-thread-pool-graal, Memory Usage (Startup), 16.4
micronaut-jdbc-fixed-thread-pool-graal, Startup time, 1.51
micronaut-jdbc-fixed-thread-pool-graal, Memory Usage (Startup), 16.53
micronaut-jdbc-fixed-thread-pool-graal, Startup time, 1.51
micronaut-jdbc-fixed-thread-pool-graal, Memory Usage (Startup), 16.4
micronaut-jdbc-fixed-thread-pool-graal, Startup time, 1.55
micronaut-jdbc-fixed-thread-pool-graal, Memory Usage (Startup), 16.53
micronaut-jdbc-fixed-thread-pool-graal, Startup time, 1.51
micronaut-jdbc-fixed-thread-pool-graal, Memory Usage (Startup), 16.43
micronaut-jdbc-fixed-thread-pool-graal, Startup time, 1.50
micronaut-jdbc-fixed-thread-pool-graal, Memory Usage (Startup), 16.59
micronaut-jdbc-fixed-thread-pool-graal, Startup time, 1.50
micronaut-jdbc-fixed-thread-pool-graal, Memory Usage (Startup), 16.5
micronaut-jdbc-fixed-thread-pool-graal, Startup time, 1.56
micronaut-jdbc-fixed-thread-pool-graal, Memory Usage (Startup), 16.49
micronaut-jdbc-fixed-thread-pool-graal, Startup time, 1.52
micronaut-jdbc-fixed-thread-pool-graal, Memory Usage (Startup), 16.39
micronaut-jdbc-fixed-thread-pool-graal, Startup time, 1.59
micronaut-jdbc-fixed-thread-pool-graal, Memory Usage (Startup), 16.5
micronaut-jdbc-fixed-thread-pool-graal, Startup time, 1.56
micronaut-jdbc-fixed-thread-pool-graal, Memory Usage (Startup), 16.56
micronaut-jdbc-fixed-thread-pool-graal, Startup time, 1.52
micronaut-jdbc-fixed-thread-pool-graal, Memory Usage (Startup), 16.54
micronaut-jdbc-fixed-thread-pool-graal, Startup time, 1.50
micronaut-jdbc-fixed-thread-pool-graal, Memory Usage (Startup), 16.43
micronaut-jdbc-fixed-thread-pool-graal, Startup time, 1.52
micronaut-jdbc-fixed-thread-pool-graal, Memory Usage (Startup), 16.43
micronaut-jdbc-fixed-thread-pool-graal, Startup time, 1.51
micronaut-jdbc-fixed-thread-pool-graal, Memory Usage (Startup), 16.47
micronaut-jdbc-fixed-thread-pool-graal, Startup time, 1.52
micronaut-jdbc-fixed-thread-pool-graal, Memory Usage (Startup), 16.46
micronaut-jdbc-fixed-thread-pool-graal, Startup time, 1.51
micronaut-jdbc-fixed-thread-pool-graal, Memory Usage (Startup), 16.41
micronaut-jdbc-fixed-thread-pool-graal, Startup time, 1.56
micronaut-jdbc-fixed-thread-pool-graal, Memory Usage (Startup), 16.45
micronaut-jdbc-fixed-thread-pool-graal, Startup time, 1.52
micronaut-jdbc-fixed-thread-pool-graal, Memory Usage (Startup), 16.49
micronaut-jdbc-fixed-thread-pool-graal, Memory Usage (Load), 362
micronaut-jdbc-fixed-thread-pool-graal, Load Time, 10.90
micronaut-jdbc-fixed-thread-pool-graal, Memory Usage (Load), 371.1
micronaut-jdbc-fixed-thread-pool-graal, Load Time, 12.37
micronaut-jdbc-fixed-thread-pool-graal, Memory Usage (Load), 376.1
micronaut-jdbc-fixed-thread-pool-graal, Load Time, 11.40
micronaut-jdbc-fixed-thread-pool-graal, Memory Usage (Load), 363.2
micronaut-jdbc-fixed-thread-pool-graal, Load Time, 11.37
micronaut-jdbc-fixed-thread-pool-graal, Memory Usage (Load), 372.9
micronaut-jdbc-fixed-thread-pool-graal, Load Time, 11.96
micronaut-jdbc-fixed-thread-pool-graal, Memory Usage (Load), 371.2
micronaut-jdbc-fixed-thread-pool-graal, Load Time, 11.46
micronaut-jdbc-fixed-thread-pool-graal, Memory Usage (Load), 353.9
micronaut-jdbc-fixed-thread-pool-graal, Load Time, 11.08
micronaut-jdbc-fixed-thread-pool-graal, Memory Usage (Load), 361
micronaut-jdbc-fixed-thread-pool-graal, Load Time, 11.37
micronaut-jdbc-fixed-thread-pool-graal, Memory Usage (Load), 350.7
micronaut-jdbc-fixed-thread-pool-graal, Load Time, 11.19
micronaut-jdbc-fixed-thread-pool-graal, Memory Usage (Load), 358
micronaut-jdbc-fixed-thread-pool-graal, Load Time, 11.20
micronaut-jdbc-fixed-thread-pool-graal, Memory Usage (Load), 348.8
micronaut-jdbc-fixed-thread-pool-graal, Load Time, 10.62
micronaut-jdbc-fixed-thread-pool-graal, Memory Usage (Load), 362.1
micronaut-jdbc-fixed-thread-pool-graal, Load Time, 11.47
micronaut-jdbc-fixed-thread-pool-graal, Memory Usage (Load), 359.9
micronaut-jdbc-fixed-thread-pool-graal, Load Time, 11.94
micronaut-jdbc-fixed-thread-pool-graal, Memory Usage (Load), 376.1
micronaut-jdbc-fixed-thread-pool-graal, Load Time, 11.57
micronaut-jdbc-fixed-thread-pool-graal, Memory Usage (Load), 349.8
micronaut-jdbc-fixed-thread-pool-graal, Load Time, 10.97
micronaut-jdbc-fixed-thread-pool-graal, Memory Usage (Load), 366.8
micronaut-jdbc-fixed-thread-pool-graal, Load Time, 11.70
micronaut-jdbc-fixed-thread-pool-graal, Memory Usage (Load), 365.3
micronaut-jdbc-fixed-thread-pool-graal, Load Time, 11.69
micronaut-jdbc-fixed-thread-pool-graal, Memory Usage (Load), 364.1
micronaut-jdbc-fixed-thread-pool-graal, Load Time, 11.54
micronaut-jdbc-fixed-thread-pool-graal, Memory Usage (Load), 364.1
micronaut-jdbc-fixed-thread-pool-graal, Load Time, 11.07
micronaut-jdbc-fixed-thread-pool-graal, Memory Usage (Load), 346.8
micronaut-jdbc-fixed-thread-pool-graal, Load Time, 10.88
micronaut-jdbc-fixed-thread-pool-graal, Memory Usage (Load), 363.2
micronaut-jdbc-fixed-thread-pool-graal, Load Time, 11.38
micronaut-jdbc-fixed-thread-pool-graal, Memory Usage (Load), 331.5
micronaut-jdbc-fixed-thread-pool-graal, Load Time, 10.21
micronaut-jdbc-fixed-thread-pool-graal, Memory Usage (Load), 367.8
micronaut-jdbc-fixed-thread-pool-graal, Load Time, 11.24
micronaut-jdbc-fixed-thread-pool-graal, Memory Usage (Load), 349.8
micronaut-jdbc-fixed-thread-pool-graal, Load Time, 10.53
micronaut-jdbc-fixed-thread-pool-graal, Memory Usage (Load), 358
micronaut-jdbc-fixed-thread-pool-graal, Load Time, 11.80
micronaut-jdbc-fixed-thread-pool-graal, Memory Usage (Load), 362
micronaut-jdbc-fixed-thread-pool-graal, Load Time, 11.80
micronaut-jdbc-fixed-thread-pool-graal, Memory Usage (Load), 363.4
micronaut-jdbc-fixed-thread-pool-graal, Load Time, 11.42
micronaut-jdbc-fixed-thread-pool-graal, Memory Usage (Load), 370.2
micronaut-jdbc-fixed-thread-pool-graal, Load Time, 11.58
micronaut-jdbc-fixed-thread-pool-graal, Memory Usage (Load), 354.1
micronaut-jdbc-fixed-thread-pool-graal, Load Time, 10.91
micronaut-jdbc-fixed-thread-pool-graal, Memory Usage (Load), 367.9
micronaut-jdbc-fixed-thread-pool-graal, Load Time, 11.63
micronaut-jpa-fixed-thread-pool, Compile time, 12.12
micronaut-jpa-fixed-thread-pool, Compile time, 11.78
micronaut-jpa-fixed-thread-pool, Compile time, 11.92
micronaut-jpa-fixed-thread-pool, Compile time, 11.80
micronaut-jpa-fixed-thread-pool, Compile time, 12.06
micronaut-jpa-fixed-thread-pool, Compile time, 11.93
micronaut-jpa-fixed-thread-pool, Compile time, 11.76
micronaut-jpa-fixed-thread-pool, Compile time, 11.83
micronaut-jpa-fixed-thread-pool, Compile time, 11.91
micronaut-jpa-fixed-thread-pool, Compile time, 11.81
micronaut-jpa-fixed-thread-pool, Compile time, 11.93
micronaut-jpa-fixed-thread-pool, Compile time, 11.82
micronaut-jpa-fixed-thread-pool, Compile time, 11.87
micronaut-jpa-fixed-thread-pool, Compile time, 11.98
micronaut-jpa-fixed-thread-pool, Compile time, 11.71
micronaut-jpa-fixed-thread-pool, Compile time, 11.98
micronaut-jpa-fixed-thread-pool, Compile time, 12.08
micronaut-jpa-fixed-thread-pool, Compile time, 11.81
micronaut-jpa-fixed-thread-pool, Compile time, 11.85
micronaut-jpa-fixed-thread-pool, Compile time, 12.15
micronaut-jpa-fixed-thread-pool, Compile time, 11.81
micronaut-jpa-fixed-thread-pool, Compile time, 11.78
micronaut-jpa-fixed-thread-pool, Compile time, 11.74
micronaut-jpa-fixed-thread-pool, Compile time, 12.17
micronaut-jpa-fixed-thread-pool, Compile time, 11.80
micronaut-jpa-fixed-thread-pool, Compile time, 11.89
micronaut-jpa-fixed-thread-pool, Compile time, 11.96
micronaut-jpa-fixed-thread-pool, Compile time, 11.77
micronaut-jpa-fixed-thread-pool, Compile time, 11.94
micronaut-jpa-fixed-thread-pool, Compile time, 12.07
micronaut-jpa-fixed-thread-pool, Startup time, 5.85
micronaut-jpa-fixed-thread-pool, Memory Usage (Startup), 253.8
micronaut-jpa-fixed-thread-pool, Startup time, 5.23
micronaut-jpa-fixed-thread-pool, Memory Usage (Startup), 266.2
micronaut-jpa-fixed-thread-pool, Startup time, 5.55
micronaut-jpa-fixed-thread-pool, Memory Usage (Startup), 259
micronaut-jpa-fixed-thread-pool, Startup time, 5.56
micronaut-jpa-fixed-thread-pool, Memory Usage (Startup), 271.2
micronaut-jpa-fixed-thread-pool, Startup time, 5.51
micronaut-jpa-fixed-thread-pool, Memory Usage (Startup), 267.4
micronaut-jpa-fixed-thread-pool, Startup time, 5.54
micronaut-jpa-fixed-thread-pool, Memory Usage (Startup), 258.1
micronaut-jpa-fixed-thread-pool, Startup time, 5.45
micronaut-jpa-fixed-thread-pool, Memory Usage (Startup), 254.1
micronaut-jpa-fixed-thread-pool, Startup time, 5.50
micronaut-jpa-fixed-thread-pool, Memory Usage (Startup), 264
micronaut-jpa-fixed-thread-pool, Startup time, 6.02
micronaut-jpa-fixed-thread-pool, Memory Usage (Startup), 264.7
micronaut-jpa-fixed-thread-pool, Startup time, 5.56
micronaut-jpa-fixed-thread-pool, Memory Usage (Startup), 241.8
micronaut-jpa-fixed-thread-pool, Startup time, 5.29
micronaut-jpa-fixed-thread-pool, Memory Usage (Startup), 245
micronaut-jpa-fixed-thread-pool, Startup time, 5.55
micronaut-jpa-fixed-thread-pool, Memory Usage (Startup), 271.5
micronaut-jpa-fixed-thread-pool, Startup time, 5.60
micronaut-jpa-fixed-thread-pool, Memory Usage (Startup), 264.2
micronaut-jpa-fixed-thread-pool, Startup time, 5.27
micronaut-jpa-fixed-thread-pool, Memory Usage (Startup), 251.1
micronaut-jpa-fixed-thread-pool, Startup time, 5.51
micronaut-jpa-fixed-thread-pool, Memory Usage (Startup), 245.6
micronaut-jpa-fixed-thread-pool, Startup time, 5.54
micronaut-jpa-fixed-thread-pool, Memory Usage (Startup), 256.5
micronaut-jpa-fixed-thread-pool, Startup time, 5.56
micronaut-jpa-fixed-thread-pool, Memory Usage (Startup), 262
micronaut-jpa-fixed-thread-pool, Startup time, 5.49
micronaut-jpa-fixed-thread-pool, Memory Usage (Startup), 265
micronaut-jpa-fixed-thread-pool, Startup time, 5.57
micronaut-jpa-fixed-thread-pool, Memory Usage (Startup), 258.4
micronaut-jpa-fixed-thread-pool, Startup time, 5.16
micronaut-jpa-fixed-thread-pool, Memory Usage (Startup), 276.3
micronaut-jpa-fixed-thread-pool, Startup time, 5.32
micronaut-jpa-fixed-thread-pool, Memory Usage (Startup), 253.3
micronaut-jpa-fixed-thread-pool, Startup time, 5.53
micronaut-jpa-fixed-thread-pool, Memory Usage (Startup), 255.1
micronaut-jpa-fixed-thread-pool, Startup time, 5.53
micronaut-jpa-fixed-thread-pool, Memory Usage (Startup), 262.7
micronaut-jpa-fixed-thread-pool, Startup time, 5.24
micronaut-jpa-fixed-thread-pool, Memory Usage (Startup), 245.8
micronaut-jpa-fixed-thread-pool, Startup time, 5.57
micronaut-jpa-fixed-thread-pool, Memory Usage (Startup), 262.6
micronaut-jpa-fixed-thread-pool, Startup time, 5.31
micronaut-jpa-fixed-thread-pool, Memory Usage (Startup), 278.1
micronaut-jpa-fixed-thread-pool, Startup time, 5.29
micronaut-jpa-fixed-thread-pool, Memory Usage (Startup), 274
micronaut-jpa-fixed-thread-pool, Startup time, 5.53
micronaut-jpa-fixed-thread-pool, Memory Usage (Startup), 262.8
micronaut-jpa-fixed-thread-pool, Startup time, 5.26
micronaut-jpa-fixed-thread-pool, Memory Usage (Startup), 261.3
micronaut-jpa-fixed-thread-pool, Startup time, 5.15
micronaut-jpa-fixed-thread-pool, Memory Usage (Startup), 247.3
micronaut-jpa-fixed-thread-pool, Memory Usage (Load), 803.1
micronaut-jpa-fixed-thread-pool, Load Time, 18.17
micronaut-jpa-fixed-thread-pool, Memory Usage (Load), 813.7
micronaut-jpa-fixed-thread-pool, Load Time, 19.79
micronaut-jpa-fixed-thread-pool, Memory Usage (Load), 846.5
micronaut-jpa-fixed-thread-pool, Load Time, 19.24
micronaut-jpa-fixed-thread-pool, Memory Usage (Load), 849.9
micronaut-jpa-fixed-thread-pool, Load Time, 20.58
micronaut-jpa-fixed-thread-pool, Memory Usage (Load), 783.8
micronaut-jpa-fixed-thread-pool, Load Time, 18.79
micronaut-jpa-fixed-thread-pool, Memory Usage (Load), 783.2
micronaut-jpa-fixed-thread-pool, Load Time, 19.60
micronaut-jpa-fixed-thread-pool, Memory Usage (Load), 807
micronaut-jpa-fixed-thread-pool, Load Time, 20.44
micronaut-jpa-fixed-thread-pool, Memory Usage (Load), 951
micronaut-jpa-fixed-thread-pool, Load Time, 20.68
micronaut-jpa-fixed-thread-pool, Memory Usage (Load), 898.4
micronaut-jpa-fixed-thread-pool, Load Time, 20.11
micronaut-jpa-fixed-thread-pool, Memory Usage (Load), 890.5
micronaut-jpa-fixed-thread-pool, Load Time, 20.31
micronaut-jpa-fixed-thread-pool, Memory Usage (Load), 905.9
micronaut-jpa-fixed-thread-pool, Load Time, 21.93
micronaut-jpa-fixed-thread-pool, Memory Usage (Load), 886
micronaut-jpa-fixed-thread-pool, Load Time, 20.60
micronaut-jpa-fixed-thread-pool, Memory Usage (Load), 874.7
micronaut-jpa-fixed-thread-pool, Load Time, 20.94
micronaut-jpa-fixed-thread-pool, Memory Usage (Load), 772.5
micronaut-jpa-fixed-thread-pool, Load Time, 18.82
micronaut-jpa-fixed-thread-pool, Memory Usage (Load), 824
micronaut-jpa-fixed-thread-pool, Load Time, 20.90
micronaut-jpa-fixed-thread-pool, Memory Usage (Load), 801
micronaut-jpa-fixed-thread-pool, Load Time, 19.31
micronaut-jpa-fixed-thread-pool, Memory Usage (Load), 787.3
micronaut-jpa-fixed-thread-pool, Load Time, 20.91
micronaut-jpa-fixed-thread-pool, Memory Usage (Load), 855.4
micronaut-jpa-fixed-thread-pool, Load Time, 20.09
micronaut-jpa-fixed-thread-pool, Memory Usage (Load), 862.6
micronaut-jpa-fixed-thread-pool, Load Time, 22.26
micronaut-jpa-fixed-thread-pool, Memory Usage (Load), 797.8
micronaut-jpa-fixed-thread-pool, Load Time, 19.99
micronaut-jpa-fixed-thread-pool, Memory Usage (Load), 774.5
micronaut-jpa-fixed-thread-pool, Load Time, 19.13
micronaut-jpa-fixed-thread-pool, Memory Usage (Load), 807.1
micronaut-jpa-fixed-thread-pool, Load Time, 20.24
micronaut-jpa-fixed-thread-pool, Memory Usage (Load), 786.8
micronaut-jpa-fixed-thread-pool, Load Time, 20.26
micronaut-jpa-fixed-thread-pool, Memory Usage (Load), 902.6
micronaut-jpa-fixed-thread-pool, Load Time, 23.16
micronaut-jpa-fixed-thread-pool, Memory Usage (Load), 871.2
micronaut-jpa-fixed-thread-pool, Load Time, 19.57
micronaut-jpa-fixed-thread-pool, Memory Usage (Load), 812.4
micronaut-jpa-fixed-thread-pool, Load Time, 19.57
micronaut-jpa-fixed-thread-pool, Memory Usage (Load), 778.8
micronaut-jpa-fixed-thread-pool, Load Time, 17.50
micronaut-jpa-fixed-thread-pool, Memory Usage (Load), 774.4
micronaut-jpa-fixed-thread-pool, Load Time, 19.40
micronaut-jpa-fixed-thread-pool, Memory Usage (Load), 762.1
micronaut-jpa-fixed-thread-pool, Load Time, 20.66
micronaut-jpa-fixed-thread-pool, Memory Usage (Load), 876.6
micronaut-jpa-fixed-thread-pool, Load Time, 21.52
micronaut-jpa-fixed-thread-pool-graal, Compile time, 400.81
micronaut-jpa-fixed-thread-pool-graal, Compile time, 375.86
micronaut-jpa-fixed-thread-pool-graal, Compile time, 373.65
micronaut-jpa-fixed-thread-pool-graal, Compile time, 377.86
micronaut-jpa-fixed-thread-pool-graal, Compile time, 375.91
micronaut-jpa-fixed-thread-pool-graal, Compile time, 379.09
micronaut-jpa-fixed-thread-pool-graal, Compile time, 377.75
micronaut-jpa-fixed-thread-pool-graal, Compile time, 370.01
micronaut-jpa-fixed-thread-pool-graal, Compile time, 381.57
micronaut-jpa-fixed-thread-pool-graal, Compile time, 371.68
micronaut-jpa-fixed-thread-pool-graal, Compile time, 378.45
micronaut-jpa-fixed-thread-pool-graal, Compile time, 370.46
micronaut-jpa-fixed-thread-pool-graal, Compile time, 372.45
micronaut-jpa-fixed-thread-pool-graal, Compile time, 372.23
micronaut-jpa-fixed-thread-pool-graal, Compile time, 404.75
micronaut-jpa-fixed-thread-pool-graal, Compile time, 377.21
micronaut-jpa-fixed-thread-pool-graal, Compile time, 373.70
micronaut-jpa-fixed-thread-pool-graal, Compile time, 384.60
micronaut-jpa-fixed-thread-pool-graal, Compile time, 379.01
micronaut-jpa-fixed-thread-pool-graal, Compile time, 375.03
micronaut-jpa-fixed-thread-pool-graal, Compile time, 368.19
micronaut-jpa-fixed-thread-pool-graal, Compile time, 382.21
micronaut-jpa-fixed-thread-pool-graal, Compile time, 370.95
micronaut-jpa-fixed-thread-pool-graal, Compile time, 371.63
micronaut-jpa-fixed-thread-pool-graal, Compile time, 376.59
micronaut-jpa-fixed-thread-pool-graal, Compile time, 374.34
micronaut-jpa-fixed-thread-pool-graal, Compile time, 374.65
micronaut-jpa-fixed-thread-pool-graal, Compile time, 381.52
micronaut-jpa-fixed-thread-pool-graal, Compile time, 366.30
micronaut-jpa-fixed-thread-pool-graal, Compile time, 371.57
micronaut-jpa-fixed-thread-pool-graal, Startup time, 2.50
micronaut-jpa-fixed-thread-pool-graal, Memory Usage (Startup), 27.98
micronaut-jpa-fixed-thread-pool-graal, Startup time, 1.52
micronaut-jpa-fixed-thread-pool-graal, Memory Usage (Startup), 27.76
micronaut-jpa-fixed-thread-pool-graal, Startup time, 1.52
micronaut-jpa-fixed-thread-pool-graal, Memory Usage (Startup), 27.79
micronaut-jpa-fixed-thread-pool-graal, Startup time, 1.51
micronaut-jpa-fixed-thread-pool-graal, Memory Usage (Startup), 27.84
micronaut-jpa-fixed-thread-pool-graal, Startup time, 1.59
micronaut-jpa-fixed-thread-pool-graal, Memory Usage (Startup), 27.79
micronaut-jpa-fixed-thread-pool-graal, Startup time, 1.48
micronaut-jpa-fixed-thread-pool-graal, Memory Usage (Startup), 27.89
micronaut-jpa-fixed-thread-pool-graal, Startup time, 1.56
micronaut-jpa-fixed-thread-pool-graal, Memory Usage (Startup), 27.89
micronaut-jpa-fixed-thread-pool-graal, Startup time, 1.50
micronaut-jpa-fixed-thread-pool-graal, Memory Usage (Startup), 27.99
micronaut-jpa-fixed-thread-pool-graal, Startup time, 1.51
micronaut-jpa-fixed-thread-pool-graal, Memory Usage (Startup), 27.93
micronaut-jpa-fixed-thread-pool-graal, Startup time, 1.53
micronaut-jpa-fixed-thread-pool-graal, Memory Usage (Startup), 27.71
micronaut-jpa-fixed-thread-pool-graal, Startup time, 1.53
micronaut-jpa-fixed-thread-pool-graal, Memory Usage (Startup), 27.86
micronaut-jpa-fixed-thread-pool-graal, Startup time, 1.57
micronaut-jpa-fixed-thread-pool-graal, Memory Usage (Startup), 27.91
micronaut-jpa-fixed-thread-pool-graal, Startup time, 1.54
micronaut-jpa-fixed-thread-pool-graal, Memory Usage (Startup), 27.77
micronaut-jpa-fixed-thread-pool-graal, Startup time, 1.50
micronaut-jpa-fixed-thread-pool-graal, Memory Usage (Startup), 27.95
micronaut-jpa-fixed-thread-pool-graal, Startup time, 1.47
micronaut-jpa-fixed-thread-pool-graal, Memory Usage (Startup), 27.89
micronaut-jpa-fixed-thread-pool-graal, Startup time, 1.51
micronaut-jpa-fixed-thread-pool-graal, Memory Usage (Startup), 27.77
micronaut-jpa-fixed-thread-pool-graal, Startup time, 1.51
micronaut-jpa-fixed-thread-pool-graal, Memory Usage (Startup), 27.99
micronaut-jpa-fixed-thread-pool-graal, Startup time, 1.51
micronaut-jpa-fixed-thread-pool-graal, Memory Usage (Startup), 27.98
micronaut-jpa-fixed-thread-pool-graal, Startup time, 1.52
micronaut-jpa-fixed-thread-pool-graal, Memory Usage (Startup), 27.79
micronaut-jpa-fixed-thread-pool-graal, Startup time, 1.49
micronaut-jpa-fixed-thread-pool-graal, Memory Usage (Startup), 27.92
micronaut-jpa-fixed-thread-pool-graal, Startup time, 1.51
micronaut-jpa-fixed-thread-pool-graal, Memory Usage (Startup), 27.94
micronaut-jpa-fixed-thread-pool-graal, Startup time, 1.51
micronaut-jpa-fixed-thread-pool-graal, Memory Usage (Startup), 27.86
micronaut-jpa-fixed-thread-pool-graal, Startup time, 1.48
micronaut-jpa-fixed-thread-pool-graal, Memory Usage (Startup), 27.92
micronaut-jpa-fixed-thread-pool-graal, Startup time, 1.54
micronaut-jpa-fixed-thread-pool-graal, Memory Usage (Startup), 27.92
micronaut-jpa-fixed-thread-pool-graal, Startup time, 1.54
micronaut-jpa-fixed-thread-pool-graal, Memory Usage (Startup), 27.78
micronaut-jpa-fixed-thread-pool-graal, Startup time, 1.51
micronaut-jpa-fixed-thread-pool-graal, Memory Usage (Startup), 27.87
micronaut-jpa-fixed-thread-pool-graal, Startup time, 1.50
micronaut-jpa-fixed-thread-pool-graal, Memory Usage (Startup), 27.89
micronaut-jpa-fixed-thread-pool-graal, Startup time, 1.63
micronaut-jpa-fixed-thread-pool-graal, Memory Usage (Startup), 27.92
micronaut-jpa-fixed-thread-pool-graal, Startup time, 1.51
micronaut-jpa-fixed-thread-pool-graal, Memory Usage (Startup), 27.89
micronaut-jpa-fixed-thread-pool-graal, Startup time, 1.52
micronaut-jpa-fixed-thread-pool-graal, Memory Usage (Startup), 27.62
micronaut-jpa-fixed-thread-pool-graal, Memory Usage (Load), 428.3
micronaut-jpa-fixed-thread-pool-graal, Load Time, 17.56
micronaut-jpa-fixed-thread-pool-graal, Memory Usage (Load), 410.6
micronaut-jpa-fixed-thread-pool-graal, Load Time, 14.54
micronaut-jpa-fixed-thread-pool-graal, Memory Usage (Load), 419.2
micronaut-jpa-fixed-thread-pool-graal, Load Time, 14.13
micronaut-jpa-fixed-thread-pool-graal, Memory Usage (Load), 408.7
micronaut-jpa-fixed-thread-pool-graal, Load Time, 13.59
micronaut-jpa-fixed-thread-pool-graal, Memory Usage (Load), 415
micronaut-jpa-fixed-thread-pool-graal, Load Time, 14.10
micronaut-jpa-fixed-thread-pool-graal, Memory Usage (Load), 418
micronaut-jpa-fixed-thread-pool-graal, Load Time, 13.77
micronaut-jpa-fixed-thread-pool-graal, Memory Usage (Load), 415
micronaut-jpa-fixed-thread-pool-graal, Load Time, 14.74
micronaut-jpa-fixed-thread-pool-graal, Memory Usage (Load), 400.8
micronaut-jpa-fixed-thread-pool-graal, Load Time, 14.27
micronaut-jpa-fixed-thread-pool-graal, Memory Usage (Load), 409.6
micronaut-jpa-fixed-thread-pool-graal, Load Time, 13.87
micronaut-jpa-fixed-thread-pool-graal, Memory Usage (Load), 417.2
micronaut-jpa-fixed-thread-pool-graal, Load Time, 14.23
micronaut-jpa-fixed-thread-pool-graal, Memory Usage (Load), 401.8
micronaut-jpa-fixed-thread-pool-graal, Load Time, 13.74
micronaut-jpa-fixed-thread-pool-graal, Memory Usage (Load), 408.1
micronaut-jpa-fixed-thread-pool-graal, Load Time, 13.78
micronaut-jpa-fixed-thread-pool-graal, Memory Usage (Load), 415.9
micronaut-jpa-fixed-thread-pool-graal, Load Time, 15.17
micronaut-jpa-fixed-thread-pool-graal, Memory Usage (Load), 410.9
micronaut-jpa-fixed-thread-pool-graal, Load Time, 14.27
micronaut-jpa-fixed-thread-pool-graal, Memory Usage (Load), 413.9
micronaut-jpa-fixed-thread-pool-graal, Load Time, 13.99
micronaut-jpa-fixed-thread-pool-graal, Memory Usage (Load), 411.7
micronaut-jpa-fixed-thread-pool-graal, Load Time, 13.71
micronaut-jpa-fixed-thread-pool-graal, Memory Usage (Load), 401.9
micronaut-jpa-fixed-thread-pool-graal, Load Time, 13.03
micronaut-jpa-fixed-thread-pool-graal, Memory Usage (Load), 409
micronaut-jpa-fixed-thread-pool-graal, Load Time, 14.05
micronaut-jpa-fixed-thread-pool-graal, Memory Usage (Load), 416.9
micronaut-jpa-fixed-thread-pool-graal, Load Time, 13.75
micronaut-jpa-fixed-thread-pool-graal, Memory Usage (Load), 425
micronaut-jpa-fixed-thread-pool-graal, Load Time, 13.93
micronaut-jpa-fixed-thread-pool-graal, Memory Usage (Load), 408
micronaut-jpa-fixed-thread-pool-graal, Load Time, 13.63
micronaut-jpa-fixed-thread-pool-graal, Memory Usage (Load), 413.8
micronaut-jpa-fixed-thread-pool-graal, Load Time, 14.13
micronaut-jpa-fixed-thread-pool-graal, Memory Usage (Load), 406.7
micronaut-jpa-fixed-thread-pool-graal, Load Time, 13.93
micronaut-jpa-fixed-thread-pool-graal, Memory Usage (Load), 407.9
micronaut-jpa-fixed-thread-pool-graal, Load Time, 13.03
micronaut-jpa-fixed-thread-pool-graal, Memory Usage (Load), 415
micronaut-jpa-fixed-thread-pool-graal, Load Time, 13.67
micronaut-jpa-fixed-thread-pool-graal, Memory Usage (Load), 419.9
micronaut-jpa-fixed-thread-pool-graal, Load Time, 14.48
micronaut-jpa-fixed-thread-pool-graal, Memory Usage (Load), 421.1
micronaut-jpa-fixed-thread-pool-graal, Load Time, 15.03
micronaut-jpa-fixed-thread-pool-graal, Memory Usage (Load), 408.7
micronaut-jpa-fixed-thread-pool-graal, Load Time, 14.44
micronaut-jpa-fixed-thread-pool-graal, Memory Usage (Load), 422.1
micronaut-jpa-fixed-thread-pool-graal, Load Time, 14.25
micronaut-jpa-fixed-thread-pool-graal, Memory Usage (Load), 442
micronaut-jpa-fixed-thread-pool-graal, Load Time, 14.35
